Cell, Cell, Area (¬µm¬≤)
3092,3442,20.7808
3092,3636,0.155836
3092,3287,27.3817
3092,3200,19.9664
3092,3198,14.9476
3092,3170,2.92789
3092,3168,15.2487
3092,3520,0.367864
1944,2392,16.674
1944,2161,11.2664
1944,2077,16.6819
4553,4686,5.80662
4553,4727,5.91105
4553,4633,4.96399
4553,4680,4.40986
1942,2446,12.9092
1942,2341,43.1809
1942,2204,27.2009
1942,2161,23.9613
1942,2111,19.6527
1942,2035,12.3364
1940,2318,11.9078
1940,2226,4.39034
1940,2189,12.8697
1940,2089,53.8026
1940,2655,0.0422334
1940,2031,2.78145
1940,1984,53.9791
3083,3374,4.94968
3083,3699,13.1389
3083,3352,7.84095
3083,3332,7.52032
3083,3669,19.8406
3083,3198,0.10433
3083,3518,14.2808
1146,1672,17.586
1146,1655,23.6387
1146,1639,30.7435
1146,1653,18.513
1146,1578,4.26362
1146,1443,0.0734839
1146,1221,17.3089
1146,1998,0.771971
1145,1595,4.76324
1145,1486,62.2472
1145,1266,11.224
1145,1232,5.5338
1145,1171,8.62428
1144,1693,2.59601
1144,1691,21.9594
1144,1670,66.5218
1144,1529,11.9779
1144,1458,19.3857
1144,1402,29.0479
1144,1314,67.1697
3082,3738,5.76714
3082,3146,13.4963
3082,3492,16.2359
1937,2289,13.0164
1937,2288,5.01279
1937,2238,40.9322
1937,2062,0.0831729
1937,1966,20.1653
1936,1937,10.1136
1936,2512,27.0812
1936,2354,5.04127
1936,2288,19.7032
1936,2238,9.12147
1936,2601,1.73972
3081,3797,20.0933
3081,4173,0.063495
3081,3391,4.52052
3081,3351,6.66337
3081,3347,48.8847
3081,3679,7.05259
3081,3666,5.96256
3081,4047,8.99096
3081,3517,31.0564
4629,4763,14.383
4629,4870,8.99035
4629,4683,10.1349
1138,1144,19.9111
1138,1691,47.3757
1138,1472,69.2933
1138,1402,12.6516
1138,1314,5.70369
3485,3777,7.98297
3485,3760,35.6873
3485,3715,24.8129
3485,3821,19.564
4627,4680,6.05897
4627,4628,17.5906
4626,4627,1.15991
2558,3010,13.2598
2558,2809,15.4146
2558,2808,5.27633
2558,3200,0.0383802
2558,2679,18.7158
2556,3478,0.0832706
2556,2962,28.1037
2556,2940,15.0762
2556,2937,6.03537
2556,2936,35.629
2556,3355,1.28677
2556,2767,38.2447
2556,2752,17.405
2556,3232,1.58682
2556,2638,9.36226
1132,1827,0.515506
1132,1588,24.2315
1132,1430,19.4494
1132,1409,11.4994
1132,1385,38.0962
1132,1258,7.1251
1132,1244,12.2713
1132,1224,18.047
1132,1175,26.7628
4203,5296,6.59761
4203,5289,19.0053
4203,5285,10.3533
4203,4605,58.7933
4203,4412,0.0691831
4203,4567,5.99997
4203,4224,20.0865
4203,4635,2.16446
4203,4461,10.415
1130,1847,20.6521
1130,1780,26.9033
1130,1638,16.496
1130,1529,30.6384
1130,1473,60.1627
1130,1254,3.02377
1130,1242,62.1638
1130,1220,12.8711
1129,1502,42.2878
1129,1442,25.5846
1129,1290,0.0190918
1129,1289,33.6365
1129,1275,14.1588
3478,3682,29.25
3478,3625,46.1775
3478,3877,23.1587
3478,4237,22.5558
3478,3851,20.0424
1927,2494,23.6057
1927,2253,2.74932
1927,2175,27.6327
1927,2023,28.5324
3068,3463,27.049
3068,3783,0.126897
3068,3455,25.362
3068,3605,0.212673
3068,3232,5.71179
3068,3195,16.503
2552,3081,7.50644
2552,2936,29.3036
2552,2933,30.4467
2552,2874,25.6496
2552,2860,5.18969
2552,2733,1.02944
2552,2638,22.0282
2551,3081,3.16563
2551,2984,32.2181
2551,2937,0.226557
2551,2933,9.61288
2551,3371,1.55976
2551,2898,34.186
2551,3347,24.9523
2551,3325,10.8515
2551,2851,14.904
2551,2807,5.6195
2551,2733,32.6867
2551,3197,20.2232
2551,2635,15.3833
2550,2983,28.5295
2550,2763,19.5669
2550,2608,3.84683
2550,2583,10.6292
3067,3392,36.0464
3067,3699,2.82201
3067,3652,11.6347
3067,3568,10.7314
3067,3116,25.2342
3067,3115,20.5679
3066,3067,27.2499
3066,3475,0.515241
3066,3452,36.5734
3066,3652,1.45976
3066,3568,6.40702
3066,3569,5.20923
3066,3116,9.28072
2547,3031,7.2418
2547,3007,18.9089
2547,3006,14.858
2547,3344,3.01487
2547,3222,13.7736
2547,2669,6.87194
2547,2655,0.809069
2547,2604,41.8563
2547,3099,3.59431
2545,2858,49.7549
2545,2849,11.2464
2545,2824,7.42644
2545,2709,15.2633
2545,2655,0.0534349
2545,3153,1.93728
1916,1944,42.6625
1916,1942,5.78548
1916,2392,14.261
1916,2348,25.7126
1916,2341,32.0773
1916,2161,6.78881
1916,2077,13.8009
1916,2078,1.7526
1916,1958,1.0265
2544,2923,11.0229
2544,3316,23.4421
2544,2831,46.7699
2544,2630,18.8309
2544,2602,17.8814
1114,1431,44.5517
1114,1235,11.5061
2543,3031,0.110726
2543,2978,49.8935
2543,2926,3.90554
2543,2830,36.6954
2543,2828,7.4304
2543,2655,4.28726
2543,2601,4.87399
1112,1146,52.9438
1112,1672,20.5181
1112,1655,5.85601
1112,1443,19.9302
1112,1243,53.6964
3065,3415,42.8218
3065,4534,2.49083
3065,3735,4.70867
3065,3971,8.23184
3065,4154,11.0379
3065,3345,73.9803
3065,4140,0.171542
3065,3918,4.60978
3065,3900,4.4055
3065,3897,14.1822
3065,3601,43.6867
3065,3588,46.3963
3065,3224,2.44795
3065,4370,5.06203
3065,4368,18.3021
3065,3847,28.1624
3065,3153,2.54829
3065,3536,4.66365
3065,3504,6.89967
3065,4212,59.8553
1110,1112,12.9579
1110,1672,31.6093
1110,1634,19.5474
1110,1653,7.05723
1110,1530,26.8306
1110,1426,1.87835
1110,1243,29.9411
1910,2429,90.784
1910,2255,33.123
1910,2135,10.4199
1910,2065,35.0684
1910,1955,53.5549
3797,5289,4.90854
3797,4173,77.7859
3797,4172,0.203979
3797,3970,1.96001
3797,4157,0.0802389
3797,4047,6.03677
3797,3828,8.83088
1907,2482,10.9438
1907,2400,40.5967
1907,2317,8.22583
1907,2235,6.79398
1907,2072,55.6903
1907,2062,5.0234
1907,2016,14.7012
1907,2014,3.1485
3063,3982,0.435259
3063,3733,0.0570044
3063,3316,24.6367
3063,5232,83.9848
3063,3183,32.8247
3476,4262,0.0564291
3476,3901,19.5329
3476,3591,49.9479
3475,4014,47.2731
3475,3751,33.8496
3475,3737,36.2114
3475,3619,12.047
3475,3864,21.2665
3475,3569,6.63697
3475,3813,8.53035
3475,4029,0.833921
3475,4026,0.239075
1099,1697,18.881
1099,1431,8.75887
1099,1409,4.79971
1099,1394,56.1232
1098,1725,8.06378
1098,1695,24.4682
1098,1681,28.5107
1098,1621,12.5131
1098,1600,13.3105
1098,1582,6.47606
1098,1460,14.9431
1098,1371,10.8234
1098,2036,0.0879899
1098,1222,16.8606
1098,1211,17.6676
1097,1146,17.3035
1097,1112,13.4062
1097,1674,0.320621
1097,1655,42.1396
1097,1443,14.0607
1097,1255,18.6956
1097,1243,4.58088
1096,1910,1.75822
1096,1753,14.1946
1096,1564,3.85583
1096,1460,81.9902
1096,1428,30.5734
1096,1371,1.79164
1096,1253,3.8062
1096,1222,3.23684
1095,1907,24.8338
1095,1766,3.93114
1095,1652,15.4042
1095,1458,37.656
1095,1402,66.888
1095,2072,54.5921
1095,1169,50.5038
3480,3540,0.139241
1928,2416,22.4187
1928,2243,12.4829
1928,2230,4.44349
1928,2206,19.3302
1928,2075,19.59
1928,2039,10.8824
3473,3797,6.26231
3473,4329,1.29188
3473,3985,12.4041
3473,4172,19.7584
3473,3970,27.2194
3473,4287,0.60344
3473,3666,46.7263
3473,3617,29.5342
3473,3861,26.5619
3473,3537,6.36524
3473,3828,5.56143
3473,3489,4.20361
3472,4013,6.42752
3472,3984,18.1936
3472,3697,31.5967
3472,4286,0.170194
3472,4121,15.1642
3472,3918,8.78041
3472,4275,19.4371
3472,3603,13.9646
3472,3490,9.89453
1088,1114,14.55
1088,1099,18.7323
1088,1884,1.77606
1088,1724,35.1854
1088,1623,8.92978
1088,1431,65.4316
1088,1394,17.3084
1088,1373,0.0341701
1088,1291,0.0444747
1088,1235,5.64495
1088,1234,8.38921
4200,4553,14.7776
4200,4627,8.43371
4200,4318,7.70132
4200,4611,16.5699
4200,4275,0.17892
4200,4576,27.273
4200,4680,12.8694
4200,4628,1.07461
1086,1097,2.76394
1086,1580,22.2792
1086,1443,9.91533
1086,1298,12.4185
1086,1277,32.217
1086,1255,15.6303
1086,1243,18.9021
3794,4543,1.93952
3794,5312,0.488202
3794,4002,83.3226
3794,3985,8.73135
3794,4172,4.69903
3794,4155,35.6762
3794,4047,10.4632
3794,4354,11.0945
3794,4353,17.8053
3794,4029,0.0346574
1084,1144,5.10559
1084,1095,13.3334
1084,1458,85.8677
1084,1402,5.85319
1084,1326,4.4269
1083,1145,19.5967
1083,1544,49.5743
1083,1486,17.1367
1083,1392,9.76555
1083,1348,5.29432
1083,1272,3.79225
1083,1232,12.6968
1083,1171,3.48291
3791,3953,43.4374
3791,4501,30.3256
3791,3898,13.9939
3791,3861,3.14092
3791,3824,6.23739
3790,4200,30.1573
3790,4001,11.7881
3790,4152,15.5908
3790,4121,6.21169
3790,3917,29.9705
3790,3860,9.44838
3790,4056,6.95573
1895,2438,8.94317
1895,2372,8.17388
1895,2164,7.1163
1895,2078,24.2777
1895,2039,25.9574
1895,2036,4.47054
3463,3783,16.0478
3463,3739,0.112236
3463,3653,4.46838
3463,3605,13.5606
3463,3812,32.872
3463,3492,3.66989
1078,1581,22.9794
1078,1442,40.2323
1078,1291,15.1448
1078,1290,5.71667
1076,1426,25.8669
1076,1392,2.35105
1076,1272,35.3617
4014,5308,42.2029
4014,4277,0.0384602
4014,4261,65.0424
4014,4354,13.5538
4014,4029,11.3875
4014,4026,3.29325
1891,1910,43.624
1891,2429,14.8712
1891,2959,3.4902
1891,2931,0.124055
1891,2869,0.382437
1891,2255,26.0924
1891,2175,36.8394
1891,2762,1.67391
1891,2135,55.6457
1891,2066,24.4829
1891,2606,39.0822
4013,4319,5.28585
4013,4427,10.0741
4013,4141,21.1529
4013,4371,13.8422
4013,4062,14.4222
2524,3092,12.7418
2524,2558,5.82701
2524,3010,2.87694
2524,2905,17.4867
2524,2808,6.57438
2524,2699,11.2242
2524,2679,35.7279
2524,2586,4.76894
2523,2556,14.684
2523,3068,13.5404
2523,2962,22.6853
2523,2752,30.4101
2523,2751,9.27704
2523,2659,8.76011
2523,2638,35.8957
2522,3081,11.3893
2522,2552,13.6132
2522,2551,38.6571
2522,2937,24.5733
2522,2936,9.58479
2522,2933,9.98476
2522,3347,0.329763
2522,2807,51.4084
2522,2733,0.109816
2522,2586,1.78971
2521,3068,6.74489
2521,2993,6.02317
2521,5272,11.491
2521,5261,14.9767
2521,3195,47.038
2521,2672,8.44458
2521,2660,6.30488
2521,2659,41.3204
2521,2638,6.83161
2521,2633,28.0991
1885,1895,2.84103
1885,2439,0.12928
1885,2164,16.4829
1885,2077,9.19231
1885,2078,16.1613
1884,2294,16.5868
1884,2273,14.5089
1884,2162,6.16819
1884,2090,34.8616
1884,2037,22.5547
1883,2551,1.63259
1883,1910,0.750204
1883,2135,31.9164
1883,2113,35.5131
1883,2075,3.68697
1883,2074,87.6209
1883,1955,20.4717
2520,2550,5.07145
2520,2983,6.54214
2520,2899,23.3683
2520,2724,10.1073
2520,2608,18.1072
1881,1910,0.165686
1881,2517,6.77463
1881,3033,0.287637
1881,2217,31.2165
1881,2065,13.8169
1881,2033,48.7756
1881,2032,75.6331
1881,2635,4.19716
1881,1955,82.2473
4198,4318,10.104
4198,4317,17.0235
4198,4284,12.3562
4198,4628,0.134915
3044,3083,38.9002
3044,3699,11.0767
3044,3352,6.78018
3044,3332,10.7076
3044,3669,8.04898
3044,3116,11.0819
3044,3115,14.9622
1879,1937,8.41162
1879,1936,51.1913
1879,2288,16.9991
1879,2062,31.601
2517,3033,63.8669
2517,2931,0.53947
2517,2762,5.54774
2517,2748,21.883
2517,3190,36.8878
2517,2635,17.2239
2516,3696,9.44724
2516,2895,50.1169
2516,2872,13.8495
2516,2870,26.8738
2516,2709,2.27619
1056,1132,15.5305
1056,1409,17.4286
1056,1394,10.8267
1056,1385,11.8063
1056,1175,7.53841
2515,2516,18.807
2515,3749,0.0692093
2515,3956,27.2369
2515,2870,60.7368
2515,2869,6.45607
2515,3319,7.22792
2515,3278,24.6512
2515,3188,21.2777
2515,3183,18.627
2515,2630,26.406
2515,2602,0.188495
2515,3505,9.05311
1053,1078,58.382
1053,1599,0.683792
1053,1581,29.6381
1053,1291,5.46742
1053,1234,37.7351
1052,1130,24.3922
1052,1473,11.735
1052,1254,56.8053
1051,1146,11.448
1051,1076,8.73803
1051,1653,23.5326
1051,1618,9.13053
1051,1578,20.4587
1051,1577,5.72741
1051,1509,6.58805
1051,1426,9.13755
1051,1272,11.0297
1051,1221,21.8812
2514,2550,2.64755
2514,2547,15.5775
2514,3007,6.06413
2514,3006,31.3563
2514,2763,28.7005
2514,2604,9.4521
2514,2583,34.9806
3043,3432,25.7502
3043,3195,24.3309
3043,3165,11.717
3043,3146,29.9788
3043,3492,6.95053
3459,3485,2.07825
3459,3777,6.80605
3459,3821,48.6215
1870,1942,14.4055
1870,2356,17.4626
1870,2204,15.5348
1870,2124,17.9876
1870,2111,20.2355
1870,1997,30.8446
1869,1942,7.17187
1869,2521,8.16371
1869,1870,13.2372
1869,2356,12.7638
1869,2341,15.2995
1869,2204,21.4606
1869,2202,82.3709
1869,2136,6.02273
1869,2124,29.4229
1869,2638,7.39726
1869,2633,1.35906
1867,1927,35.7065
1867,2544,11.0475
1867,2494,4.96729
1867,2470,15.3522
1867,2465,6.36414
1867,2253,58.2237
1867,2175,12.7296
1867,2023,0.663584
1867,2022,47.1477
1867,2630,35.1336
1867,2602,64.0362
2512,2927,18.9675
2512,2828,11.2099
2512,2719,54.1775
2512,2629,6.27679
2512,2601,13.6253
2512,3098,19.0135
1041,1132,36.1187
1041,1056,1.52436
1041,1565,13.9115
1041,1430,46.141
1041,1385,19.3728
1041,1371,18.0557
1041,1244,0.397151
1041,1237,1.0375
4794,4807,16.2337
4794,4856,8.79568
1039,1585,21.6578
1039,1584,12.3679
1039,1447,10.9444
1039,1300,26.0822
1039,1211,6.71366
1039,1188,5.14736
1038,1088,74.6604
1038,1744,11.3933
1038,1726,21.3359
1038,1724,36.5299
1038,1431,3.3579
1038,1394,3.12405
1038,1373,35.5828
1038,1291,23.4928
1037,1096,14.8602
1037,1533,33.6791
1037,1428,26.7573
1037,1371,27.9664
1037,1290,9.21697
1036,1129,11.852
1036,1910,21.2616
1036,1096,4.52829
1036,1881,59.107
1036,1037,20.6304
1036,1753,44.0898
1036,1744,0.220633
1036,1533,21.111
1036,1502,28.7332
1036,1442,13.7353
1036,1428,31.0484
1036,2065,14.6079
1036,1290,92.3257
1036,1289,5.29813
1036,1275,18.1997
1036,1955,18.3574
3783,4189,15.5854
3783,5285,16.632
3783,5272,0.0562714
3783,3877,0.182154
3783,4225,7.48813
3783,4030,9.56106
3783,3812,39.7691
3455,3463,1.43381
3455,3783,43.0631
3455,5272,9.89046
3455,3679,12.0263
3455,3605,3.20456
3455,3592,20.1235
4448,4776,18.8734
4545,4909,42.6337
4545,4813,6.38582
4545,4573,7.97394
3036,3480,5.05624
3036,3260,1.5646
3036,3258,43.2523
3036,3147,8.79107
3034,3065,17.022
3034,3440,27.0917
3034,3415,49.3974
3034,3588,1.44626
3034,3228,2.40885
3034,3224,8.21835
3034,3165,7.07241
3033,3567,0.535068
3033,3190,26.6305
3032,3791,0.0479167
3032,3430,19.894
3032,3319,10.6722
3032,3278,31.2992
3032,3566,8.02675
3032,3537,76.8726
3031,3317,11.295
3031,3222,6.2435
3031,3161,37.4376
3031,3099,23.8557
1026,1076,7.7984
1026,1051,20.0756
1026,1509,7.6569
1026,1272,32.1283
1026,1171,48.868
3452,3475,13.7578
3452,3652,4.47332
3452,3619,15.209
3452,4073,0.031426
3452,3864,10.4825
3452,3568,38.4887
3452,3569,10.2868
3452,4026,15.0585
4544,5308,18.4511
4544,4736,38.9543
4544,4695,20.5482
4544,4638,0.0926137
4446,4448,6.31953
4446,4812,14.9101
4446,4695,14.5505
4446,4638,12.4242
4446,4556,4.29338
3449,3971,8.21984
3449,3956,34.0361
3449,3696,56.0397
3449,3588,11.6201
3449,3587,10.3498
3449,4070,22.8952
3449,3547,8.8531
3449,3536,25.6004
3449,3505,24.6793
3449,4211,51.3492
3449,4023,24.9308
3449,3489,21.3489
3777,3790,8.07398
3777,4198,4.52115
3777,3917,9.9366
3777,4056,41.0693
3777,3821,52.9027
4543,5308,0.310275
4543,4849,12.8874
4543,4570,3.74747
4543,4767,8.85171
1018,1110,28.0123
1018,1076,33.4591
1018,1051,0.035296
1018,1634,43.8492
1018,1426,24.7422
1018,1368,5.68814
1018,1326,16.7711
3019,3066,18.034
3019,3475,43.9856
3019,3452,0.0344345
3019,3374,10.417
3019,3373,4.94335
3019,3352,3.68324
3019,3569,0.912805
3019,3116,22.5033
2496,3065,6.97373
2496,3034,20.7273
2496,3004,14.0524
2496,2724,5.59913
2496,2693,0.382443
2496,2608,39.0382
2496,2583,13.898
1847,1927,47.7224
1847,2516,6.74094
1847,2515,6.10241
1847,2494,29.2576
1847,2428,20.9589
1847,2228,4.76087
1847,2202,12.5346
1847,2175,9.56757
1847,2023,48.3379
1012,1039,19.9933
1012,1447,25.0936
1012,1237,10.463
1012,1211,14.7976
1012,1188,26.3767
1011,1098,40.0419
1011,1041,15.6265
1011,1012,8.70663
1011,1681,19.7485
1011,1624,20.7384
1011,1621,7.61135
1011,1447,5.29335
1011,1430,38.4633
1011,1371,13.3096
1011,1237,25.4155
1011,1211,24.1894
1009,1146,35.4753
1009,1097,11.7853
1009,1051,5.52889
1009,1655,0.041316
1009,1639,0.456791
1009,1221,19.3999
2495,2547,2.2172
2495,2545,0.205842
2495,3065,2.41134
2495,2514,1.67981
2495,3007,58.1605
2495,3004,17.9963
2495,2858,8.10194
2495,2655,24.8006
2495,2583,7.94489
2494,2515,72.8717
2494,2870,10.8194
2494,2869,34.3704
2494,3278,1.11411
2494,2630,12.7141
2494,2602,22.6779
4007,4111,3.38563
4007,4265,35.5256
4007,4641,27.5534
4007,4355,20.6614
1841,1895,43.7575
1841,1885,1.74202
1841,2438,18.2863
1841,2374,11.6449
1841,2246,4.40843
1841,2230,21.7538
1841,2164,18.6595
1841,2039,7.20321
1840,1942,6.6267
1840,1916,30.6287
1840,2523,0.0456257
1840,2348,8.36157
1840,2341,42.2435
1840,2638,31.8563
1840,1958,12.6319
1838,1937,0.3721
1838,2238,2.29739
1838,2213,29.7605
1838,2201,0.0747168
1838,2050,15.3828
1838,1966,11.4645
4002,4014,18.0344
4002,4543,11.3226
4002,5312,22.5254
4002,5308,22.68
4002,4155,22.9575
4002,4517,19.9658
4002,4354,23.6248
4002,4029,3.72622
3442,3478,25.9531
3442,4158,19.2559
3442,3682,21.836
3442,3925,56.6879
3442,3636,36.2032
3442,3465,15.4255
3442,4237,27.6096
3442,3851,10.5762
3442,4049,26.0858
3442,4466,13.5545
3440,3971,0.136211
3440,3957,3.30107
3440,3696,24.2447
3440,5261,6.61896
3440,3678,9.54456
3440,3591,0.368366
3440,3588,7.13145
3440,3847,47.2225
1002,1907,4.00914
1002,1719,35.8892
1002,1368,13.93
1002,1348,43.6244
1002,1169,70.6694
4001,4152,40.5967
3016,3402,28.4694
3016,3388,5.01913
3016,3187,9.68661
3016,3099,8.55046
3010,3092,16.3416
3010,3036,4.50651
3010,3442,16.6481
3010,3465,14.484
3010,3258,10.2495
3010,3200,19.4467
3010,3170,1.83189
2482,3063,19.8993
2482,2848,83.4293
2482,2631,10.5747
3007,3065,22.5189
3007,3031,4.33155
3007,3735,8.78509
3007,3345,18.5736
3007,3344,26.8856
3007,3222,2.89332
3007,3161,17.2945
3007,3504,11.2187
3006,3472,13.5718
3006,3007,27.5342
3006,3345,7.06676
3006,3344,32.8492
3006,3323,4.20315
3006,3322,20.0758
3006,3603,0.042724
5308,5312,18.1637
3004,3065,65.363
3004,3034,9.40786
3004,3007,1.99865
3004,3735,11.7153
3004,3224,7.83555
3004,3153,13.2445
995,1096,72.2722
995,1460,30.6868
995,1253,19.4093
995,1252,2.90346
995,1222,11.6966
995,1220,43.6287
1827,1928,2.32966
1827,2230,18.5584
1827,2207,18.6451
1827,1976,10.9489
1825,1928,6.31438
1825,1826,10.2091
1825,2296,24.3907
1825,2273,8.56714
1825,2243,31.0928
1825,2206,4.20493
1825,2193,3.43492
1825,2037,22.4418
1825,1976,3.62793
992,1146,17.376
992,1112,18.6616
992,1110,61.2327
992,1076,2.27074
992,1051,55.0527
992,1018,10.4393
992,1009,0.919217
992,1653,14.9143
992,1426,5.34468
991,1110,10.1782
991,1084,9.48944
991,1018,35.3103
991,1634,2.99204
991,1596,13.7543
991,1530,12.2624
991,1529,23.6387
991,1458,3.42221
991,1326,85.7392
990,1144,0.20104
990,1459,10.2675
990,1314,80.84
990,1252,2.79885
990,1242,30.9523
1826,1928,46.131
1826,2524,21.5758
1826,1827,14.4977
1826,2416,5.88467
1826,2296,12.8985
1826,2243,5.80397
1826,2230,10.4502
1826,1976,47.3471
3767,4007,28.0426
3767,3925,3.86935
3767,4111,26.958
3767,4355,0.585435
4331,4813,18.1057
4331,4488,21.1653
4189,4203,11.3616
4189,5285,9.93573
4189,4605,16.8468
4189,4518,15.3617
4189,4225,23.1653
4189,4224,5.30601
1824,2054,18.8731
4329,4763,23.9543
4329,4652,25.2091
4329,4492,31.1712
4329,4567,18.4542
4329,4634,15.0699
3433,3463,1.73101
3433,3783,7.29708
3433,3739,34.5245
3433,3679,3.45007
3433,3625,23.1712
3433,4095,9.86045
3433,3877,30.7927
3433,4030,1.68834
3433,3812,12.156
980,1086,13.613
980,1622,0.558328
980,1608,2.32432
980,1277,12.5957
980,1255,21.7554
980,1160,21.701
2470,3032,46.5154
2470,2869,6.05594
2470,2831,13.0355
2470,2602,31.9348
978,1076,8.41028
978,1018,37.1914
978,991,1.19648
978,1368,22.4826
978,1326,8.51589
977,1144,31.0228
977,1138,20.1011
977,1095,15.6525
977,1402,75.031
3432,3476,5.91686
3432,3957,5.01345
3432,5261,4.37811
3432,3678,10.6662
3432,3901,37.1152
3432,3605,32.0807
3432,3591,8.98871
3432,4039,26.5352
3432,3492,11.8388
4185,4326,12.4618
4185,4306,9.09353
4185,4514,3.58467
4185,5234,7.16621
4185,4258,13.5673
4185,4484,90.9745
4185,4365,3.47588
4185,4631,0.497336
2996,3092,6.82313
2996,3083,7.73502
2996,3741,4.39835
2996,3287,18.6183
2996,3626,9.29392
2996,3198,11.958
2996,3520,19.4668
2996,3518,23.2452
2465,2544,37.647
2465,2923,70.2253
2465,2630,18.5182
3430,3791,43.7551
3430,3749,0.0374842
3430,3953,42.2769
3430,3566,25.8103
3430,3537,18.25
3430,3824,0.148047
3428,5234,1.13666
3428,5232,7.2545
3428,3583,5.34997
3428,3532,2.13637
2993,3043,0.742869
2993,3432,4.62835
2993,5261,35.0965
2993,3195,4.846
2993,3165,42.3241
4872,4875,11.2902
969,1039,45.8771
969,1012,1.75008
969,1600,0.405747
969,1584,15.7152
969,1300,10.3868
969,1211,20.7433
969,1196,20.0363
4326,5254,31.7947
4326,4514,21.0017
4326,5245,37.7468
4326,5234,49.8706
4326,4484,1.3626
4326,4563,19.379
966,1130,52.0764
966,1052,18.0337
966,1780,7.28341
966,1638,20.3452
966,1607,11.7938
966,1254,9.28197
966,1222,6.68989
966,1220,79.4944
3760,4198,4.00675
3760,3777,0.990436
3760,4169,56.5392
3760,4317,15.0927
3760,5245,18.444
3760,4284,0.216633
3760,5234,5.25765
3760,4500,12.2472
3760,3859,8.47176
3760,4057,15.9537
2988,3036,14.7968
2988,3393,25.6275
2988,3258,15.4335
2988,3147,1.14848
4614,4828,10.6172
2985,3082,24.0513
2985,3068,3.02344
2985,3463,13.2144
2985,3043,19.6031
2985,3195,10.6781
2985,3146,3.509
2985,3492,10.5921
1794,2289,11.0152
1794,2014,19.7305
1794,1966,31.5246
2984,3475,12.1757
2984,3019,15.6029
2984,3374,0.275057
2984,3373,14.2749
2984,3325,6.4272
2984,3198,9.96662
2984,3197,50.5731
2984,3168,9.49092
2983,3415,20.3706
2983,3345,5.48501
2983,3326,31.1027
2983,3323,0.258434
2983,3145,11.4387
2983,3490,43.7473
2982,3066,10.0608
2982,3475,3.17961
2982,3033,69.332
2982,3452,17.8449
2982,3373,4.5409
2982,3325,14.8809
2982,3619,34.3303
2982,3567,33.0789
2446,2521,21.5179
2446,2993,0.309604
2446,2672,11.3843
2446,2660,52.304
1795,1944,4.47316
1795,1916,25.8755
1795,1840,8.86112
1795,2077,15.3287
1795,2078,14.0491
1795,1958,15.3143
4940,5308,9.32443
2978,3031,7.35722
2978,3760,7.65427
2978,3317,34.2622
2978,3250,33.5834
2978,3099,9.6265
3751,4014,9.67245
3751,4261,14.4872
3751,4247,20.2998
3751,3864,38.7861
3751,4041,12.133
3751,3813,10.5409
3415,3440,6.51554
3415,3900,52.8653
3415,3591,15.6978
3415,3588,1.09498
3415,3847,28.6094
3415,3490,7.97698
2439,2966,12.7853
2439,2752,24.5618
2439,2751,19.2374
2438,2556,12.1894
2438,3036,3.96836
2438,2940,10.7365
2438,2808,7.15813
2438,2767,21.1971
2438,2586,17.441
2437,2516,14.6092
2437,2515,28.7383
2437,3449,5.24528
2437,2895,15.9964
2437,2870,14.1044
2437,3587,1.96952
2437,3224,0.819961
2437,2709,43.1327
2437,3188,29.4986
2437,3153,7.61549
2437,3536,1.36113
2437,2631,15.5921
3749,3956,18.2922
3749,3953,16.1255
3749,4058,94.1668
3749,3824,22.8449
5289,5296,52.1577
4534,4872,12.374
4534,4580,12.5255
4534,4686,4.45809
4534,4768,13.055
4534,4566,15.189
1780,1927,14.7765
1780,1891,21.2438
1780,1847,60.2977
1780,2428,16.2283
1780,2202,20.0586
1780,2175,56.0649
1780,2066,22.8629
4532,4611,9.4414
4173,4203,47.521
4173,5289,6.98881
4173,4224,39.0689
3985,5312,13.5128
3985,4002,5.17145
3985,4172,3.88664
3985,4155,43.6972
3985,4287,52.149
3985,4104,18.9089
2429,2517,31.713
2429,2931,27.8815
2429,2762,69.7428
2429,2748,3.96959
2429,2733,0.0824039
2429,3190,8.46233
2429,2635,30.4674
2429,2606,2.53608
2428,2516,17.7052
2428,2515,0.697025
2428,2494,20.1289
2428,3696,17.8928
2428,3346,10.9879
2428,2870,28.6149
2428,2869,30.5605
2428,2860,10.702
2428,2633,48.1957
2428,3144,22.8709
2428,2606,1.78303
936,1098,27.5999
936,969,47.9888
936,1600,38.0546
936,1584,3.66205
936,1222,53.8117
936,1211,12.0778
936,1196,17.9224
935,1097,36.8823
935,1086,45.13
935,980,13.2365
935,1443,0.0327728
935,1255,14.0186
935,1243,5.82392
934,1130,4.19948
934,1110,37.2063
934,1052,12.454
934,991,36.8146
934,1637,29.0813
934,1596,18.9182
934,1530,14.4435
934,1529,5.51836
934,1473,27.7868
934,1298,7.67241
934,1254,0.0788485
934,1243,27.9671
3984,4553,1.4296
3984,4200,3.76159
3984,4013,11.0279
3984,4141,11.7611
3984,4121,23.4384
3984,4275,42.0497
3984,4071,5.2845
3984,4371,29.6432
932,1083,16.5292
932,1076,1.85863
932,1018,1.24829
932,1002,10.3999
932,978,15.6567
932,1544,0.0281069
932,1426,1.59741
932,1392,55.497
932,1368,42.6353
932,1348,13.1624
3982,4185,11.0098
3982,4326,9.7979
3982,4151,48.4865
3982,4514,23.4828
3982,5234,5.53377
3982,5232,18.4718
3982,4258,9.27584
3982,4058,4.43439
930,1095,2.0307
2430,2988,0.302338
2430,2439,6.16803
2430,2966,8.34758
2430,2940,23.9645
2430,2752,0.604261
4172,4203,1.88909
4172,4329,11.8345
4172,4173,26.2658
4172,4287,25.6761
4172,4567,4.91307
4172,4224,12.3272
4172,4635,3.65357
4172,4634,43.5796
4172,4353,41.1215
2422,2516,8.11232
2422,3034,5.89626
2422,3004,19.8178
2422,2895,18.1591
2422,2872,3.86718
2422,3224,10.7428
2422,2709,15.2848
2422,2693,10.6311
2422,3153,4.898
1769,1895,3.6815
1769,1885,39.932
1769,1795,23.4726
1769,2077,11.7953
1769,2078,14.2483
3739,4331,16.3704
3739,4095,28.17
3739,4051,3.40026
3739,3812,8.9691
2966,3433,11.8916
2966,2988,8.23004
2966,3739,11.8407
2966,3393,9.31486
2966,3232,2.93676
1766,2465,0.0636503
1766,2437,2.32289
1766,2381,76.5742
1766,2253,43.5228
1766,2235,36.774
1766,2224,49.5986
1766,2072,7.18371
1766,2023,23.5721
1766,1952,26.1452
920,1039,12.6411
920,1300,11.0961
919,1052,9.30568
919,969,2.58868
919,936,14.2728
919,1598,0.0624964
919,1277,14.751
919,1254,23.7057
919,1222,2.79503
919,1196,32.674
3738,3901,14.5636
3738,4048,19.0499
3738,4465,4.75817
3737,3794,12.4093
3737,4014,48.7245
3737,4002,31.4237
3737,5308,2.58265
3737,4029,6.40133
2416,2524,29.6405
2416,2905,26.4244
2416,2807,17.6673
2416,2699,3.56493
2416,2609,16.9358
2416,2586,18.4748
2962,3478,4.14496
2962,3068,10.0987
2962,3455,11.625
2962,3355,1.18676
2962,3351,14.0502
2962,3679,18.6857
2962,3232,41.6788
3402,3790,26.3092
3402,3777,17.7328
3402,3917,0.120578
3402,3582,8.82642
4170,4763,0.200411
4170,4329,17.5325
4170,4585,39.6165
4170,4396,6.70726
4170,4492,12.6354
4170,4567,3.9624
4170,4461,6.28778
4169,4626,9.40691
4169,4317,1.54632
4169,4316,0.30279
4169,4806,6.43806
4169,4284,12.0014
4169,4500,11.5517
2959,3473,55.0357
2959,3032,13.9852
2959,3346,5.19876
2959,3319,11.0532
2959,3861,0.0497857
2959,3537,8.62421
3735,3967,18.4805
3735,3897,31.1149
3735,3896,32.5968
3735,4089,0.0334672
3735,4210,15.6269
1756,1841,15.5073
1756,1827,20.7375
1756,2246,13.993
1756,2230,14.4342
1756,2207,7.09824
1754,1884,8.3226
1754,2162,36.9566
1754,2090,14.8024
1753,1910,51.0339
1753,1891,1.43002
1753,2065,4.20691
915,1095,0.583176
915,977,1.74417
915,930,2.09154
4531,4794,7.96002
4531,4807,10.6999
4531,5254,2.48285
4531,5245,12.3416
4531,4563,29.7512
4319,4875,16.2014
4319,4427,24.5006
4319,4413,3.66387
4319,4580,14.7807
4319,4374,17.7746
4319,4566,2.42854
4319,4636,7.87791
4319,4633,18.1946
3733,4185,12.0974
3733,3735,26.5275
3733,3967,10.1328
3733,5234,12.9475
3733,5232,25.3608
3733,3897,0.0573691
3733,4089,47.2197
3733,3845,40.7068
2403,2551,22.5263
2403,2522,12.7181
2403,2984,13.8433
2403,2851,12.185
2403,2807,5.63459
2403,2609,36.7606
4318,4553,15.8699
4318,4807,9.4483
4318,4727,10.5768
4318,4680,22.2089
4318,4457,7.25552
4318,4628,12.9764
3971,5296,10.8116
3971,5289,2.4645
3971,4154,55.4265
3971,4370,0.282555
3971,4211,13.9783
3971,4023,18.2608
2400,2482,14.195
2400,2926,21.8603
2400,2848,26.5247
2400,2830,2.30024
2400,2824,9.11354
2400,3248,60.0707
3393,3478,1.47347
3393,3433,10.5722
3393,3739,29.8595
3393,3682,2.20039
3393,3625,30.9802
3393,4051,18.204
898,1088,9.35715
898,1056,15.0784
898,1041,11.8524
898,1038,10.1992
898,1394,13.0692
898,1385,23.37
898,1373,43.6105
897,1130,6.28091
897,991,18.3299
897,934,3.79052
896,1144,9.5269
896,1130,32.5002
896,1084,0.208253
896,991,45.3211
896,990,8.83677
896,934,3.16563
896,897,44.4728
896,1529,83.946
896,1458,8.4426
896,1314,1.9991
896,1242,12.1853
1744,1928,2.76466
1744,1883,27.555
1744,1881,20.9842
1744,2403,16.6531
1744,2292,13.3595
1744,2217,30.2928
1744,2206,27.19
1744,2074,32.6181
1744,2033,24.2682
1744,1955,12.8432
3391,3797,64.0507
3391,3473,18.279
3391,5272,27.1532
3391,3666,0.737744
3391,3592,1.83382
3391,3547,5.54391
3391,3828,12.63
3391,3489,5.28237
3388,3790,8.41702
3388,3777,2.63133
3388,4001,14.1744
3388,3402,29.4393
3388,3917,37.5714
3388,3821,0.0918298
3388,4036,6.87572
3970,4203,2.89128
3970,4329,19.8131
3970,4173,11.6101
3970,4172,22.625
3970,4170,17.1055
3970,4567,34.235
3970,4634,1.24523
3970,4461,4.05127
889,1098,25.6991
889,1096,28.3427
889,995,22.7198
889,936,15.2179
889,1460,0.930703
889,1222,20.8951
4317,4531,10.1547
4317,4318,12.7786
4317,4807,3.56018
4317,5245,0.636398
4317,4500,7.07318
4317,4628,4.59942
887,1145,31.6424
887,1083,17.159
887,1486,0.763784
887,1171,12.4727
2393,2556,26.5835
2393,2552,18.9854
2393,2936,8.23743
2393,2638,31.6949
2392,2985,1.77697
2392,2439,2.46203
2392,2751,15.1093
2392,2672,21.2177
3967,4794,6.46358
3967,4807,0.99576
3967,4140,16.6181
3967,4089,11.7098
3967,4686,6.31499
3967,4727,39.9467
3967,4071,8.52665
3967,4368,11.5814
3967,4365,41.891
3967,4210,28.5565
3967,4457,20.7538
4316,4627,8.44554
4316,4626,29.1454
4316,4611,8.30833
4316,4483,8.84065
3392,3699,1.84181
3392,3681,0.550091
3392,3669,2.56222
3392,3921,10.7476
3392,3652,1.20507
3392,3568,3.41121
3392,3832,5.20443
4611,4627,19.2528
2940,3036,8.67882
2940,3433,4.12607
2940,2988,37.07
2940,2966,15.7513
2940,3393,7.00744
2940,3355,3.32812
2940,3232,6.85638
2940,3147,20.6312
5285,5296,11.917
5285,5289,24.8815
4427,4875,13.8307
4427,4636,8.27898
4427,4633,6.23805
2937,3081,9.2415
2937,3478,8.5585
2937,3351,12.6228
2937,3347,9.35618
2937,3667,11.8511
2937,3197,8.36856
2937,3851,16.9384
2937,3170,62.2776
2937,3147,9.30691
2937,3517,13.5146
1733,1940,11.5122
1733,1794,37.1363
1733,2318,16.2757
1733,2289,3.24813
1733,2212,10.0135
1733,2089,1.28382
1733,2031,18.2516
1733,2016,7.55544
1733,2014,33.6373
1733,1984,6.08111
1733,1967,15.0214
1733,1966,12.5619
2936,3081,16.8401
2936,3478,5.58403
2936,2962,5.3769
2936,2937,36.8721
2936,3351,33.5918
2936,3517,0.682626
2383,2520,6.39567
2383,2899,4.83888
2383,2825,28.3099
2383,2724,6.73619
2383,2660,7.46773
2382,3034,4.22523
2382,2496,46.6164
2382,3004,0.0877903
2382,2422,18.9296
2382,2724,3.35198
2382,2693,15.5972
2381,3063,3.8835
2381,2515,31.4
2381,2437,21.5389
2381,3188,4.34658
2381,3183,10.6379
2381,2631,103.194
2381,2630,47.4822
1726,1928,5.28946
1726,1825,54.6946
1726,1744,52.4416
1726,2292,2.24348
1726,2273,11.1489
1726,2206,26.0681
1726,2033,4.37474
872,1095,31.5705
872,1084,15.6183
872,977,0.207594
872,930,1.10205
872,1169,22.1998
1725,1869,9.23427
1725,1840,7.69847
1725,2341,4.66454
1725,2136,41.5067
1725,2066,1.37031
1725,2638,17.2813
1724,1884,40.9919
1724,1881,6.85966
1724,1825,5.94989
1724,1744,5.79503
1724,1726,28.0509
1724,2273,33.3084
1724,2037,3.54017
1724,2033,80.9683
873,995,7.14722
5272,5289,22.8674
5272,5285,13.841
4813,4909,12.155
2933,3081,64.8533
2933,3797,3.43782
2933,3473,10.2377
2933,3391,16.408
2933,3371,2.6749
2933,3347,19.3051
2933,3666,22.3602
1719,1907,31.4355
1719,1879,0.731209
1719,2317,0.770594
1719,2062,35.0099
1719,2016,13.8844
1719,2014,17.3655
2931,3473,0.921359
2931,3032,58.1512
2931,2959,23.6637
2931,3898,14.5884
2931,3617,72.4663
2931,3566,29.4999
2931,3190,28.2941
2931,3537,36.2461
2374,3036,28.5449
2374,2988,12.5023
2374,2438,24.9313
2374,2430,16.2057
2374,2940,12.96
2374,2809,14.3045
2374,2808,12.5271
2374,3260,0.64086
2372,2556,26.2514
2372,2552,1.98766
2372,2522,29.8752
2372,2438,5.47027
2372,2393,17.6339
2372,2937,10.7632
2372,2936,0.521194
2372,2767,7.68688
2372,2586,16.0015
3715,4198,1.50254
3715,3777,4.06607
3715,3760,58.9426
3715,4169,25.0424
3715,4316,19.8848
3715,4284,0.291965
3715,4056,6.92174
3715,3821,1.93296
2369,2514,41.59
2369,2763,0.0393131
2369,2604,15.4815
4158,4545,0.962317
4158,4505,22.4273
4158,4570,18.2094
4158,4237,8.44451
4158,4466,28.8808
4157,4545,17.8773
4157,4173,2.32448
4157,4518,24.4246
4157,4505,15.7601
4157,4224,32.7376
2367,2547,13.3366
2367,2514,25.417
2367,2496,6.8984
2367,2495,36.7879
2367,3007,0.659994
2367,2583,19.7256
854,978,26.5899
854,932,30.9452
3957,5296,8.49445
3957,5289,0.158358
3957,3971,13.8315
3957,5285,8.70412
3957,4154,17.1186
3957,4412,14.5764
3957,4566,0.0233505
3957,4046,30.1759
3957,4039,39.3815
2927,3459,21.982
2927,3016,6.53739
2927,2978,7.70098
2927,3402,16.0294
2927,3250,54.9958
2927,3099,3.17174
2927,3098,11.7831
2926,3760,59.9389
2926,2978,5.9168
2926,3317,2.06861
2926,3248,17.086
2926,3532,1.44206
3374,3475,15.9985
3374,3751,12.6321
3374,3699,9.30164
3374,3551,6.00723
3374,3518,1.64683
3373,3475,31.9399
3373,3794,2.34059
3373,3737,59.1251
3373,3667,0.872442
3373,3619,0.468732
3956,4306,41.9192
3956,4140,3.83494
3956,4258,1.48572
3956,4070,21.2476
3956,4058,15.0429
3956,4211,3.93818
2923,3063,21.9567
2923,3316,41.9387
2923,3183,2.07037
846,1088,12.9259
846,1078,6.58867
846,1053,10.3651
846,1038,29.9131
846,1724,4.7282
846,1599,0.483606
846,1291,68.151
846,1234,15.1458
3371,3473,17.6919
3371,3794,60.2574
3371,3985,28.5625
3371,4155,0.318383
3371,3666,15.2011
3371,3617,27.6727
3371,3567,3.65156
4155,4543,7.95727
4155,5312,22.1621
4155,4849,6.80811
4155,4172,16.1311
4155,4517,9.04415
4155,4287,38.0677
4155,4652,20.8655
4155,4767,54.553
4155,4565,6.68447
4155,4634,3.98683
4155,4353,8.65631
1697,1884,15.6596
1697,1825,35.2099
1697,2294,14.8505
1697,2193,11.7439
1697,2037,13.0475
4154,5296,8.34167
4154,4534,48.3634
4154,4412,8.77064
4154,4493,14.6373
4154,4768,5.73678
4154,4566,8.75248
4154,4370,1.48057
4154,4212,9.22687
4154,4211,4.31869
1695,1883,17.1543
1695,1725,6.35969
1695,2136,8.81261
1695,2135,26.9591
1695,2125,36.744
1695,2113,25.2164
1695,2066,11.7778
1695,2036,10.9054
3953,4151,19.6245
3953,4501,45.6294
3953,4396,4.13327
3953,4058,13.7815
1693,1927,12.4778
1693,1867,61.8481
1693,2253,21.9708
1693,2023,3.13874
836,1112,6.57279
836,1110,19.8691
836,1086,14.2118
836,992,4.74694
836,935,5.68051
836,934,18.7063
836,1243,41.4175
835,1095,4.53166
835,1084,0.278843
835,977,23.4173
835,930,1.8943
835,915,10.0142
835,872,27.1263
2356,2521,8.81599
2356,2993,53.4286
2356,2446,15.3959
2356,5261,0.138366
2356,2872,15.0816
2356,2825,0.124771
2356,2724,8.94915
2356,2693,3.49324
2356,2660,10.4677
2356,2633,17.8127
1691,2544,0.72366
1691,1867,33.2614
1691,2465,101.141
1691,1766,14.8342
1691,1693,16.9289
1691,2253,17.7648
1691,2224,30.6643
1691,2022,16.07
2354,2512,6.72074
2354,2669,15.7896
2354,2629,59.4773
2354,2601,22.2871
4307,4448,10.4453
4307,4446,7.08396
4307,4812,12.0084
4307,4776,26.5704
4307,4773,38.6378
4307,4638,0.537318
4307,4355,4.53652
4152,4200,6.85863
4152,4611,2.5898
4152,4576,44.097
4151,4629,4.47089
4151,4501,21.3191
4151,4396,4.98454
4151,4258,12.2525
4306,4370,0.557936
4306,4365,1.99452
4306,4631,46.4386
2348,2523,26.8287
2348,2439,22.3077
2348,2392,9.01451
2348,2752,8.33584
2348,2751,7.81531
2348,2638,0.115617
825,1012,25.0856
825,1244,9.95208
825,1237,10.2875
825,1188,25.9436
823,1097,20.3001
823,1009,17.7895
823,935,3.81895
822,1052,11.2192
822,995,17.9517
822,966,40.3127
822,936,27.3284
822,919,16.7478
822,889,14.8241
822,1460,0.104964
822,1254,15.2136
822,1222,60.6632
822,1220,14.853
3699,4446,0.0409705
3699,3751,12.0181
3699,3864,13.0098
3699,4064,19.9718
3699,3832,5.8322
3699,4041,22.2103
1681,1840,4.59132
1681,2393,20.9365
1681,1725,12.1016
1681,1695,13.9303
1681,2136,10.3203
1681,2125,5.0094
1681,2036,47.2701
1681,2638,15.5716
1681,1958,19.7806
3697,4013,35.1126
3697,4614,1.05755
3697,3984,3.26127
3697,4427,10.206
3697,4275,13.0456
3697,4371,19.1882
3697,4062,6.16965
1679,2369,9.38535
1679,2191,16.5544
1679,2134,21.3733
1679,2110,21.1068
1678,2110,35.4433
1678,2050,8.25734
3696,5289,2.86102
3696,3971,54.4957
3696,5272,4.11825
3696,5261,49.0562
3696,3847,0.436444
3696,4023,0.146947
4304,4626,17.7363
4304,4316,53.4527
4304,4483,7.81043
2341,3068,7.91623
2341,2523,25.9073
2341,2521,38.4861
2341,2446,18.0155
2341,2392,21.3573
2341,2348,10.1934
2341,2751,4.71545
2341,2672,28.2701
2341,2659,9.50989
2341,2638,40.8572
1674,2520,0.925869
1674,1824,4.17295
1674,1679,4.08994
1674,2191,18.21
1674,2054,12.1483
1674,1998,22.5375
1672,1940,7.71838
1672,2226,46.7029
1672,2189,19.1045
1672,1998,24.0919
1672,1984,11.0624
1672,1954,22.842
1670,1766,66.756
1670,1693,64.3363
1670,1691,34.1938
1670,2253,28.1068
1670,2023,2.56491
804,1041,27.2677
804,1037,37.1372
804,898,26.6375
804,1565,13.5962
804,1533,20.9637
804,1385,1.97099
804,1373,33.9053
804,1371,23.3185
3355,3478,16.8649
3355,3433,1.27051
3355,3625,3.708
2905,3092,37.7404
2905,3010,0.100331
2905,3170,17.741
2905,3168,21.574
2904,3083,9.48689
2904,3044,35.8767
2904,3332,19.603
802,1098,17.5478
802,1096,19.8505
802,1041,23.6694
802,1037,33.5022
802,1011,31.7023
802,889,24.6814
802,804,29.0963
802,1460,0.535197
802,1371,37.8075
5261,5289,10.4465
5261,5285,3.64263
5261,5272,21.7362
800,1078,17.1739
800,1037,0.682096
800,1036,49.0833
800,846,77.7537
800,1291,25.1008
800,1290,65.2103
799,1086,11.9326
799,1052,42.417
799,934,40.1266
799,919,11.2361
799,836,21.9574
799,1298,32.1367
799,1277,16.0091
799,1254,10.5907
799,1243,1.4004
4605,5296,4.23697
4605,5285,0.72609
4605,4655,39.5649
4605,4691,3.95794
4605,4635,34.1001
797,1051,10.3104
797,1009,1.65792
797,1221,34.6195
2902,3044,6.5628
2902,2904,10.3718
2902,3681,0.0520644
2902,3332,17.3203
2902,3115,33.7556
2899,3476,20.943
2899,2983,5.3455
2899,3326,16.3199
2899,3228,3.85075
2899,3165,5.13994
2899,3145,30.8529
793,1083,10.8893
793,1026,17.2042
793,887,51.4265
793,1272,0.408448
793,1171,7.8782
2898,3371,27.8845
2898,3347,0.244925
2898,3325,85.7917
3352,3374,28.2735
3352,3699,14.1996
790,1095,3.07059
790,1084,52.7114
790,1002,4.43053
790,991,0.926695
790,978,23.4843
790,932,9.21925
790,872,27.3998
790,854,16.5574
790,1458,36.9676
790,1368,40.7494
790,1326,8.6133
790,1169,15.8371
3351,3478,16.0771
3351,3433,0.723295
3351,3679,39.0683
3351,3877,17.659
3351,3851,7.53945
3351,3517,24.7852
2895,3449,14.8273
2895,3696,19.7383
2895,3224,49.1589
2895,3153,8.2464
2895,3536,0.0418152
4806,5254,40.1028
4518,4909,17.9783
4518,4545,4.65332
4518,4813,7.61955
4518,4605,15.9464
4518,4635,32.0885
1655,1824,14.0936
1655,1674,54.4837
1655,2054,11.1903
1655,1998,29.6095
4141,4553,0.632578
4141,4319,22.6603
4141,4427,4.91585
4141,4371,28.3656
4141,4633,40.8971
4141,4212,15.1482
1652,1907,20.2254
1652,1766,55.3214
1652,2400,0.292667
1652,1733,31.2412
1652,1719,2.35965
1652,2304,0.056055
1652,2235,102.125
1652,2212,11.3511
1652,2072,13.7563
1652,2031,10.8052
1652,2016,27.8332
1652,1967,4.78932
1652,1952,22.7887
2325,2545,18.6462
2325,2496,12.616
2325,2495,28.8945
2325,3004,50.0099
2325,2422,57.6779
2325,2382,10.1215
2325,2367,4.78917
2325,2858,8.32168
2325,2709,5.41929
2325,3153,7.82992
2325,2583,0.136447
3347,3794,27.0063
3347,3373,2.93556
3347,3371,14.9761
3347,3667,50.8047
3347,3666,15.8524
3347,4047,24.489
3347,3517,11.2178
3346,3473,8.59032
3346,3391,8.33796
3346,3489,41.2018
3345,3472,4.84783
3345,3415,17.6358
3345,3918,72.5144
3345,3900,7.79003
3345,3897,2.60955
3345,3601,2.2125
3345,3504,11.9257
3345,3490,23.1937
3344,3472,4.21488
3344,3345,10.9581
3344,3918,20.9459
3344,3603,32.4123
3344,3860,12.051
3344,3504,5.55098
4140,4306,18.7268
4140,4370,30.8359
4140,4368,15.2808
4140,4365,50.0453
4140,4211,11.3378
4140,4631,0.272624
1644,1827,17.125
1644,1756,37.8238
1644,2246,19.6469
1644,2207,1.67281
2318,2545,13.9571
2318,2543,12.688
2318,2858,21.1978
2318,2830,18.6625
2318,2824,7.78917
2318,2655,38.4427
1642,1884,48.3523
1642,1754,13.713
1642,1697,11.8416
1642,2294,12.564
1642,2162,7.29285
1641,1944,12.4245
1641,2161,14.06
1641,2035,19.6649
1639,2367,0.347441
1639,1679,35.0883
1639,1674,9.61271
1639,1672,8.76645
1639,1655,14.7767
1639,1653,5.50523
1639,2191,7.49644
1639,2189,3.80645
1639,2134,22.5302
1639,1998,26.2664
1638,1869,21.6882
1638,1780,41.4419
1638,2202,42.8102
1638,2066,10.5267
1637,1870,14.1371
1637,1869,9.97798
1637,2228,10.8644
1637,2124,36.6789
1637,1997,6.11384
1637,1954,41.1611
2317,2543,10.4506
2317,2400,39.9879
2317,2926,30.9888
2317,2830,0.515357
2317,2828,39.3219
1634,1940,2.48098
1634,1733,8.97143
1634,1672,12.0306
1634,1653,0.551486
1634,1984,20.6801
1634,1967,12.4468
1653,1940,18.0503
1653,1672,58.415
1653,2189,20.4139
4517,4543,11.3374
4517,5312,14.516
4517,5308,48.6795
4517,4940,5.51571
4517,4736,17.7448
4517,4767,15.4888
4517,4565,7.45919
4413,4427,15.5019
4413,4636,32.8675
4412,5296,35.8178
4412,5285,36.0685
4412,4605,3.94239
4412,4655,13.9974
4412,4691,29.2042
4412,4493,0.717338
4412,4768,34.8986
4412,4566,8.31651
4412,4830,28.0629
764,1132,13.4988
764,1041,31.818
764,1011,12.6415
764,802,2.80709
764,1430,0.658868
764,1244,6.48894
764,1237,11.5746
762,1039,9.55842
762,969,12.1367
762,920,26.2812
762,1300,13.6523
762,1196,6.83667
762,1160,13.6119
761,1038,30.3568
761,1037,21.0235
761,898,29.3966
761,1744,0.318581
761,846,23.7527
761,804,51.2912
761,800,27.7586
761,1533,4.87989
761,1373,37.4161
761,1291,16.7216
761,1290,17.4189
4655,5296,14.2024
4655,4809,13.869
4655,4768,6.98689
3682,3925,16.0713
3682,4265,23.4365
3682,4386,43.2192
3682,4488,0.275828
3682,4573,12.3445
3682,4237,17.0151
3682,4051,28.293
3681,3921,4.89937
3681,4248,28.6046
3681,4064,1.06173
3681,3832,13.2046
758,1086,6.29972
758,980,3.28212
758,969,9.84534
758,919,48.5551
758,799,9.19147
758,762,8.29923
758,1277,30.2802
758,1196,35.4688
758,1160,19.499
4514,5254,7.23089
4514,4563,11.7579
754,1129,75.9437
754,1078,40.2022
754,1036,1.44685
754,800,11.3235
754,1442,13.6107
754,1290,7.3615
1624,1895,48.957
1624,1795,6.47959
1624,1769,7.52665
1624,1681,23.0637
1624,2078,14.1665
1624,2036,10.764
1624,1958,26.5104
1623,1884,17.8844
1623,1754,29.1298
1623,1724,10.8823
1623,2090,21.8785
1622,1944,1.19207
1622,1942,32.9694
1622,1916,13.1937
1622,1641,45.9572
1622,2161,11.4742
1622,2035,6.91949
1621,1883,29.3798
1621,1695,23.8015
1621,1681,11.4425
1621,2113,14.8909
1621,2075,10.2005
1621,2039,4.504
1621,2036,20.4508
3332,3681,17.6346
3332,3669,23.9245
3679,3797,6.83396
3679,3783,7.46343
3679,4157,13.2846
3679,3877,20.0904
3679,4030,10.1827
2304,2545,54.1481
2304,2437,25.5544
2304,2422,12.154
2304,2381,6.1957
2304,2325,6.6166
2304,2849,9.40121
2304,2709,28.3079
2304,2631,14.9367
746,1002,36.797
746,932,8.89399
746,854,10.8246
746,790,19.9577
745,1002,10.4245
745,932,12.4873
745,854,5.68775
745,746,62.406
744,1083,18.1314
744,1002,2.76666
744,932,4.21534
744,745,46.7259
744,1348,31.1396
744,1232,33.9905
1618,1940,4.0772
1618,1838,17.7693
1618,1653,2.43911
1618,2213,4.55841
1618,2201,1.53357
1618,2089,28.5334
1618,2050,17.0952
1618,1966,6.28727
1616,1937,45.8277
1616,1879,14.2003
1616,1794,38.7382
1616,1719,4.21738
1616,2289,14.5943
1616,2288,0.607601
1616,2062,13.1342
1616,2014,7.97473
1616,1966,3.07782
3678,5289,3.63347
3678,3971,0.0385828
3678,5285,7.94538
3678,3957,60.5221
3678,3696,7.82567
3678,5261,47.8564
2874,3081,19.4246
2874,3797,1.1142
2874,3455,6.83393
2874,2962,18.2683
2874,3391,24.9133
2874,2936,15.0254
2874,5272,18.7807
2874,2933,9.9094
2874,3351,7.31892
2874,3679,34.5356
2874,3592,15.9675
2872,2993,5.45286
2872,3696,31.5311
2872,5261,7.09021
2872,2895,18.1849
2870,3449,66.7147
2870,3956,12.1721
2870,3696,21.1101
2870,2895,11.5662
2870,3346,7.18978
2870,3319,13.5164
2870,3188,9.39456
2870,3144,7.01782
2870,3505,19.2159
2870,3489,7.38669
2869,3032,35.9448
2869,2959,25.4792
2869,3346,24.2065
2869,2870,8.87139
2869,3319,69.6431
2869,3278,11.5685
1609,1942,61.9486
1609,1916,3.6773
1609,1870,5.08137
1609,1840,12.7689
1609,1622,38.8344
1608,1942,4.39419
1608,1824,28.4299
1608,2383,11.6502
1608,1641,0.0978147
1608,1622,16.9474
1608,2111,26.2475
1608,2054,7.60872
1608,2035,27.7489
1607,1869,14.7638
1607,1725,21.585
1607,1638,54.1472
1607,2202,20.8211
1607,2136,8.8148
1607,2066,14.7124
4700,4776,34.1524
4700,4773,6.21767
4287,4329,26.123
4287,4652,55.5247
4287,4634,9.73037
2296,2524,10.8673
2296,3044,4.74349
2296,2996,2.59661
2296,2754,8.23865
2296,2699,30.4388
2296,2679,3.23512
2296,2674,27.4207
2294,3044,41.6121
2294,2296,0.281731
2294,2640,1.16959
4286,4828,33.1006
4286,4614,15.1807
3326,3476,12.1984
3326,4013,1.44856
3326,3415,4.942
3326,3900,16.9473
3326,3591,8.72411
3326,4062,8.8863
3326,3490,12.9748
2292,3019,53.8803
2292,2403,10.5621
2292,2851,38.04
2292,2841,35.3189
2292,2674,0.42844
2292,2637,15.3883
2292,2609,11.1207
2292,3116,0.0737227
2292,2584,12.9916
1600,1942,3.83316
1600,1869,4.05428
1600,1840,19.8072
1600,1725,66.813
1600,1681,8.71595
1600,2341,10.0606
1600,1609,0.274655
1599,1884,5.37043
1599,1724,44.0256
1599,1623,29.2925
1599,2273,10.0816
1599,2192,39.5663
1599,2090,47.6854
1599,2033,30.8699
1599,2637,19.6427
1599,2584,28.3111
1598,1942,19.901
1598,1870,14.4368
1598,1869,73.5575
1598,1725,3.69862
1598,2341,0.787605
1598,1638,3.5319
1598,1609,12.8862
1598,1607,18.01
1598,1600,11.2298
1598,2204,5.05583
1596,2437,0.942979
1596,1637,14.2378
1596,2228,33.2596
1596,2023,22.3509
1596,1954,2.76478
1596,1952,26.6863
1595,1937,5.45508
1595,1838,55.5185
1595,1794,3.14685
1595,1618,22.7175
1595,1616,1.79866
1595,1966,9.85444
1594,1879,25.3033
1594,1719,29.4164
1594,1616,13.4681
1594,2062,0.815406
3325,3794,30.7284
3325,3737,23.3398
3325,3373,53.4773
3325,3371,17.8896
3325,3347,8.38549
3325,3619,1.38899
3325,3567,25.468
2289,2543,45.2234
2289,2318,7.54997
2289,2601,41.9533
2288,2543,1.56262
2288,2512,28.7887
2288,2317,7.13483
2288,2289,11.772
2288,2828,24.3582
2288,2601,15.0318
1588,1928,1.77473
1588,1895,8.53485
1588,1841,24.7741
1588,1827,18.9345
1588,1756,32.0889
1588,2230,17.0582
1588,2039,19.3543
1585,1944,2.59833
1585,1916,11.7953
1585,1840,9.31371
1585,1795,37.4008
1584,1840,54.5732
1584,1795,7.67914
1584,1681,17.4903
1584,1624,1.85793
1584,1600,35.6371
1584,1585,16.5883
1584,1958,8.57909
4125,4446,1.84602
4125,4277,29.4739
4125,4695,13.1212
4125,4556,18.4473
2860,3473,13.8808
2860,2959,15.4861
2860,3391,34.9151
2860,5272,2.17701
2860,2933,30.2954
2860,3346,23.0945
2860,2874,11.0953
2860,2869,8.76714
2860,3144,7.70233
1582,1891,5.84575
1582,1725,16.2308
1582,1695,42.3015
1582,1638,3.08154
1582,1607,15.0798
1582,2136,3.17327
1582,2135,4.77538
1582,2066,39.2007
1581,1881,4.85041
1581,1724,4.02669
1581,1599,33.5444
1581,2192,25.1321
1581,2033,7.35726
1581,2032,22.9614
1580,1942,3.9681
1580,1870,30.3858
1580,1824,2.2883
1580,1637,8.16995
1580,1622,3.06177
1580,1609,0.384901
1580,1608,24.6761
1580,2111,17.8638
1580,2054,8.45937
1580,1997,27.752
1580,1954,8.45839
3323,3472,20.521
3323,3697,15.5649
3323,3490,16.3911
1578,1940,1.7389
1578,2367,12.8334
1578,1679,1.20934
1578,1678,6.4767
1578,1639,18.5254
1578,1653,50.3177
1578,1618,10.0343
1578,2189,11.0013
1578,2134,26.574
1578,2110,12.221
1578,2089,7.52851
1578,2050,28.4027
1577,1940,14.4511
1577,1794,9.63713
1577,1733,11.7889
1577,1653,2.33524
1577,1618,41.2953
1577,1595,12.2001
1577,2089,3.91991
1577,1966,11.3452
3322,3472,24.9014
3322,3344,1.92847
3322,3323,11.9809
3322,3603,13.0251
2858,3007,0.243811
2858,3004,5.152
2858,3735,56.477
2858,3161,12.1913
2858,3153,15.4464
3321,3472,13.4309
3321,3323,0.0379166
3321,3322,38.1319
3321,4121,0.311217
3321,3603,6.17779
3669,3699,49.9378
3669,3681,47.1986
3669,4248,0.289633
3669,4064,27.3367
3669,3832,11.9437
3669,4041,2.40222
3319,3473,12.8216
3319,4170,7.09644
3319,3970,7.89905
3319,3346,27.5984
3319,3861,8.40274
3319,3537,30.7528
3319,3828,4.5777
3319,3824,13.915
3319,3505,59.3555
3319,3489,16.2786
704,1258,38.071
704,1244,1.20587
704,1224,5.68547
704,971,21.9299
703,1056,4.78858
703,1175,15.7796
703,971,19.8211
3317,3760,7.57574
3317,3402,0.167286
3317,3583,27.3885
3317,3582,62.1277
3317,3564,5.79905
3317,3859,0.702644
3317,3532,4.03422
3316,3430,23.9776
3316,3749,16.0576
3316,3982,41.775
3316,3953,15.4098
3316,4151,35.4476
3316,5232,2.46547
3316,4058,1.9457
699,1132,18.9655
699,764,36.835
699,704,8.68164
699,1258,5.94972
699,1244,17.4196
699,971,35.0132
698,1132,25.0262
698,1056,20.0926
698,1041,10.9543
698,764,4.41826
698,703,28.315
698,699,18.3591
698,1175,6.25542
698,971,8.65498
697,1099,16.5917
697,1088,25.7851
697,1056,20.9077
697,898,56.9336
697,1394,17.2837
2851,3066,3.40042
2851,3475,4.10601
2851,3452,0.0735086
2851,3019,58.7987
2851,2984,12.874
2851,2982,16.0092
2851,3373,27.2231
2851,2898,8.15617
2851,3325,22.2007
2273,2292,39.4904
2273,2584,10.6007
694,1114,7.18971
694,1088,50.3838
694,1053,5.01314
694,1038,3.50933
694,846,92.0308
694,761,0.0301053
694,1235,13.4499
694,1234,25.0722
693,980,22.7934
693,762,11.751
693,758,21.8023
693,1160,27.5721
3667,3794,8.15067
3667,4002,5.22916
3667,3737,9.23702
3667,4158,19.3772
3667,3851,14.0594
3667,4047,28.4899
3667,3813,0.149709
3667,4029,37.237
2849,3428,10.7253
2849,3735,11.0798
2849,3733,78.4299
2849,2858,0.87335
2849,5232,3.30662
2849,3583,25.5228
2849,3153,6.45879
1565,1928,43.965
1565,1883,13.7135
1565,1744,14.5312
1565,1726,0.244273
1565,1621,13.2722
1565,1588,1.06089
1565,2206,3.50654
1565,2075,26.5063
1565,2074,14.0926
1565,2039,19.9632
690,1146,16.7804
690,1112,26.41
690,1097,12.5734
690,1009,9.81051
690,992,10.7778
690,935,30.4862
690,836,39.6327
690,823,33.9939
690,1243,7.75148
1564,1910,52.4124
1564,1891,11.5673
1564,1753,87.5961
1564,2255,27.7786
1564,2065,12.6709
688,1129,0.0820729
688,1910,0.0468121
688,1096,48.8954
688,1036,110.33
688,995,39.0957
688,1753,53.3845
688,873,61.8968
688,1564,1.00762
688,1428,4.15287
688,1289,42.7249
688,1275,10.6668
688,1252,119.268
2848,3063,19.7638
2848,3428,0.38157
2848,3733,2.85349
2848,2849,6.63467
2848,5232,33.919
2848,3248,24.8377
686,1130,42.0504
686,1052,7.28457
686,966,22.9471
686,897,7.22621
686,896,3.65888
683,1110,0.0591534
683,1076,38.0166
683,1051,23.1776
683,1026,3.78728
683,1018,23.9672
683,992,36.0742
683,978,6.52035
3666,3797,19.2408
3666,3794,10.5246
3666,4173,0.951991
3666,3985,9.10285
3666,4172,61.642
3666,4155,2.16042
3666,4047,10.6181
681,1084,13.9694
681,1018,17.1501
681,991,83.242
681,978,8.5021
681,897,5.36107
681,896,22.0059
681,790,15.5981
681,1326,0.119243
5245,5254,19.2436
4284,4627,10.5735
4284,4626,52.4349
4284,4317,61.2897
4284,4316,13.4349
4284,4628,2.50598
679,1083,12.5538
679,1076,27.2519
679,1026,9.87289
679,978,24.2106
679,932,12.5454
679,854,29.9618
679,793,29.571
679,683,7.49756
679,1392,11.7306
679,1272,12.9589
679,1171,0.0852282
4121,4200,16.1982
4121,4152,32.0359
4121,4275,37.5568
4121,4576,7.07876
2841,3083,15.2369
2841,3044,36.6839
2841,3019,16.6222
2841,3374,17.3674
2841,3352,25.3552
2841,3198,9.39112
2841,3116,20.2913
4736,5308,25.7578
4736,4940,4.92523
3925,4007,10.2789
3925,4111,16.2886
3925,4265,44.8384
3925,4573,7.12265
3925,4237,0.0551572
3925,4049,10.5461
3925,4466,15.3873
3925,4355,18.3739
4590,4641,13.8495
4652,4767,56.1183
4585,4763,23.6667
4585,4629,6.70816
4585,4809,12.1432
4585,4683,26.198
4505,4545,16.3685
4505,4543,13.9274
4505,4518,8.869
4505,4570,18.3835
4505,4635,0.410652
2831,3032,26.3724
2831,3430,90.4844
2831,3316,12.2541
2831,3278,9.56446
2255,2517,1.25228
2255,3032,49.2872
2255,2470,70.1413
2255,2429,35.3671
2255,2959,10.1409
2255,2931,47.5371
2255,2869,5.30592
2255,2831,0.165116
2255,2762,1.15866
2255,2748,27.2748
2830,3031,3.52559
2830,2978,6.10715
2830,3735,0.8889
2830,2926,16.806
2830,2858,8.13104
2830,3317,55.5154
2830,3248,5.43711
2830,3583,23.8683
2830,3564,0.146722
2830,3161,4.75271
2830,3532,0.414379
2830,3504,1.59233
2253,2515,1.60051
2253,2494,3.26887
2253,2465,31.0412
2253,2381,26.1746
2253,2630,71.0067
1544,1794,14.0866
1544,1616,32.3539
1544,1595,8.8565
1544,1594,8.73186
1544,1577,4.35508
4738,4853,2.89398
4738,4812,13.7278
4738,4773,12.2756
4277,4544,34.7181
4277,5308,17.9761
4277,4695,8.41665
4277,4638,7.60955
2828,3760,21.4011
2828,2978,9.78803
2828,2927,0.157348
2828,2926,15.0241
2828,3250,5.82324
2828,3098,32.0801
3918,4013,9.98631
3918,3984,30.7915
3918,4141,32.5878
3918,4121,2.41958
3918,4071,34.4766
3918,4212,12.2893
3653,3739,13.583
3653,3738,21.3327
3653,4095,2.23765
3653,4048,11.7868
3653,3812,13.3279
2246,2558,6.35987
2246,2374,28.3307
2246,2809,9.79953
3652,3699,18.7168
3652,3921,2.74157
3652,3864,25.1179
3652,4064,8.92287
3652,3832,18.1915
2825,3476,7.78078
2825,3043,12.4832
2825,2993,3.24178
2825,2899,14.124
2825,3165,17.6238
2825,3146,38.0839
2824,3428,0.0949418
2824,3735,8.8651
2824,2858,14.1063
2824,2849,45.017
2824,2830,42.6443
2824,3248,12.6474
2824,3583,46.7598
2243,2524,1.62497
2243,2416,14.7611
2243,2296,36.2146
2243,2292,13.2267
2243,2841,0.148847
2243,2699,15.831
2243,2674,14.8267
2243,2609,25.5779
3917,4200,15.7826
3917,4001,11.6327
3917,4532,6.12464
3917,4316,0.772969
3917,4611,36.5003
3917,4152,23.856
3917,4576,10.2382
3917,4056,22.3881
3917,4036,21.4757
1533,1883,59.6077
1533,1744,35.2997
1533,1621,3.8055
1533,1565,2.09925
1533,1955,11.2733
5234,5245,51.0942
1530,2422,7.76091
1530,1672,25.5995
1530,2325,7.71301
1530,1637,5.51608
1530,1634,11.2708
1530,2304,13.0888
1530,1596,44.2447
1530,2228,13.5458
1530,2226,5.15379
1530,1984,15.6521
1530,1967,15.6574
1530,1954,42.7507
1530,1952,15.4043
1529,1927,10.2256
1529,1847,13.7635
1529,1766,46.5632
1529,1693,16.7203
1529,1670,25.3863
1529,1596,22.0562
1529,2023,56.8697
1529,1952,13.4217
2239,2470,11.7948
2239,2831,43.2348
2239,2255,15.5512
2239,2748,35.4557
2238,2354,57.0927
2238,2289,14.9975
2238,2288,1.39059
2238,2669,4.67252
2238,2601,19.4801
4275,4828,31.8596
4275,4614,25.3957
4275,4286,31.422
4275,4371,12.3719
634,1114,28.1764
634,1088,45.2731
634,1038,4.63957
634,898,6.94558
634,761,0.194827
634,697,16.244
634,694,50.2959
634,1235,1.06498
4111,4307,17.7489
4111,4355,45.2378
632,1114,8.28487
632,634,7.73781
632,1235,17.7888
631,1098,18.1939
631,1012,7.54421
631,1011,26.7596
631,969,19.1393
631,936,21.9404
631,889,12.9961
631,802,10.788
631,1211,20.9183
1525,1910,2.33797
1525,1564,34.629
1525,2255,10.5366
1525,2239,88.8255
1525,2748,0.686734
1525,2065,27.8022
1525,2022,26.7813
627,1053,15.7065
627,694,22.6035
627,634,5.38479
627,632,61.4081
627,1235,28.5791
627,1234,23.4914
2235,2545,2.93553
2235,2482,31.0979
2235,3428,0.425346
2235,2400,38.0198
2235,2381,33.11
2235,2304,12.2428
2235,2849,44.25
2235,2848,19.044
2235,2824,39.3631
2235,3248,8.15864
2235,2631,38.0012
623,1051,33.2794
623,1026,39.8184
623,797,45.5528
623,683,7.5805
623,1509,5.98613
623,1221,1.45737
622,1110,22.0045
622,1018,13.3828
622,992,5.36588
622,991,12.9389
622,934,11.7858
622,683,45.4281
622,681,15.6803
621,1130,6.18769
621,995,8.20462
621,990,73.4133
621,966,16.6537
621,873,55.366
621,688,10.7978
621,686,2.42085
621,1459,19.4626
621,1253,7.77464
621,1252,35.5588
621,1242,16.799
621,1220,25.3872
619,1076,0.718129
619,1026,12.0131
619,793,2.49268
619,683,42.4886
619,679,15.8498
619,623,39.3434
636,920,19.1765
636,762,29.9307
636,693,4.85255
4501,4763,5.19357
4501,4629,13.348
4501,4870,61.3003
4500,4531,4.21695
4500,4806,58.6376
4500,5254,13.833
4500,5245,49.0652
4396,4629,45.6985
4396,4501,19.2885
4396,4492,15.3925
2230,2558,11.9727
2230,2524,13.811
2230,2438,7.77521
2230,2416,7.99956
2230,2374,8.75966
2230,2246,10.8968
2230,2809,1.71991
2230,2808,29.2484
2230,2586,26.6935
2229,2520,2.34424
2229,2496,7.80926
2229,2382,38.2623
2229,2356,9.7186
2229,2724,26.0329
2229,2693,0.869045
2229,2608,7.98972
2228,2516,68.8375
2228,2515,0.252785
2228,2437,22.4963
2228,2422,19.9469
2228,2304,16.1007
2228,2709,5.12743
610,1002,0.0585985
610,872,0.301569
610,746,8.746
610,1169,1.67316
4695,4812,1.04711
2226,2496,4.01212
2226,2382,11.0147
2226,2325,36.3793
608,744,24.9677
3636,4158,18.9318
3636,3667,11.3489
3636,4049,36.1444
3636,3813,34.6976
3636,4029,9.05504
2224,3063,37.0064
2224,2482,85.4087
2224,2465,32.8179
2224,2381,26.0504
2224,2923,15.9182
2224,2253,12.8861
2224,2235,10.5973
2224,2631,3.70323
2224,2630,14.595
1509,1838,11.0792
1509,1678,22.2965
1509,1618,17.3238
1509,1595,6.29819
1509,1578,29.7082
1509,2050,22.4083
4773,4853,6.41816
4773,4812,11.2477
4773,4776,8.8953
3287,3442,7.26762
3287,3767,22.8903
3287,3925,9.22542
3287,4111,15.5248
3287,3636,5.79822
3287,3626,24.519
3287,4049,7.49812
3287,3520,27.8196
3465,3480,12.1623
3465,3682,20.3987
3465,3925,13.9223
3465,3540,35.182
4104,5312,20.669
4104,4155,4.96738
4104,4287,17.8776
4104,4652,5.22324
4104,4565,7.27221
2809,3480,6.59449
2809,3036,14.8433
2809,3010,15.849
2809,3465,17.747
2809,3260,10.1
2809,3258,1.40231
2808,3036,16.9724
2808,3010,47.9138
2808,2905,8.30649
2808,2809,7.39723
2808,3258,2.74299
2808,3170,10.802
2808,3147,4.9334
1502,1881,8.76756
1502,2065,62.2602
1502,2032,26.8666
2217,2551,0.984352
2217,3033,0.460484
2217,2403,10.8136
2217,2292,38.1944
2217,2851,39.5986
2217,2637,7.99434
2217,2635,56.0294
2807,2984,15.7129
2807,2937,27.3969
2807,2905,20.7952
2807,3197,20.3004
2807,3170,17.6912
2807,3168,14.7197
5232,5234,104.197
4580,4875,5.71049
4580,4872,20.4517
4580,4686,44.6801
4580,4633,29.2432
2212,2235,12.6367
4265,4853,23.9806
4265,4590,11.7657
4265,4386,13.1503
4265,4573,7.89797
4265,4641,32.3857
4265,4466,1.11125
4265,4355,16.7366
4691,4830,18.2698
2213,2547,14.8602
2213,2354,3.25197
2213,2238,8.64855
2213,2669,19.4142
2213,2604,9.76826
4263,4770,27.8076
4263,4797,12.258
4263,4465,10.5424
4262,4413,18.4059
4262,4263,35.4301
4262,4770,22.7528
4262,4374,20.9452
4262,4636,16.1725
2207,2558,34.4627
2207,2246,24.3119
2207,2230,29.5436
2206,2416,2.59532
2206,2403,31.5448
2206,2292,21.8066
2206,2273,3.33053
2206,2243,47.9455
2206,2609,14.4943
3901,4263,35.0047
3901,4262,49.6248
3901,4465,12.2112
3901,4039,31.0393
2204,2521,21.8833
2204,2446,32.0227
2204,2356,33.6075
2204,2341,9.46035
1486,1937,35.298
1486,1936,0.0416845
1486,1616,18.1452
1486,1595,19.547
1486,1544,28.6452
3278,3430,35.4171
3278,3749,90.0657
3278,3956,0.647343
3278,3953,0.536409
3278,3319,23.7077
3278,3316,22.2181
3278,3537,30.0572
3278,3824,3.79742
3278,3505,8.55701
2202,2521,22.7226
2202,2516,5.33346
2202,2428,52.1636
2202,2356,5.86355
2202,2874,2.07786
2202,2228,6.37539
2202,2204,4.33078
2202,2638,11.4676
2202,2633,101.616
2201,2547,19.1676
2201,2543,5.44986
2201,3031,29.5818
2201,2978,7.16941
2201,2318,12.8805
2201,2289,8.47881
2201,2238,18.729
2201,2213,31.7622
2201,3222,0.0225674
2201,2669,39.716
2201,2655,28.0768
2201,2601,5.67454
2201,3099,15.0315
3625,4331,9.74739
3625,3739,20.8143
3625,3682,12.7359
3625,4095,2.35519
3625,4488,23.8662
3625,3877,48.271
3625,4237,7.51977
3625,4051,32.2221
3900,4013,12.6817
3900,4319,65.8185
3900,4427,0.0424735
3900,4141,10.4175
3900,4413,2.30346
3900,3918,4.56767
3900,4374,5.31719
3900,4062,14.8616
3900,4046,12.7487
3900,4212,11.2466
3898,3985,5.02765
3898,4287,1.067
3898,4104,62.4212
3897,3967,31.4245
3897,4140,16.7943
3897,3918,5.88364
3897,4071,27.3912
3897,4368,14.5295
3897,4212,7.88657
3897,4210,5.2969
3619,4014,9.94229
3619,5312,3.75068
3619,5308,7.2514
3619,3737,16.3263
3619,4073,0.173848
3619,4026,49.7463
3896,3897,2.75297
3896,4210,34.958
2193,3044,8.18373
2193,2296,22.9803
2193,2294,10.0077
2193,2754,12.5241
2192,3033,13.3903
2192,2217,20.5735
2192,2637,66.8989
2192,2635,0.552924
1473,1869,5.97626
1473,1847,23.0753
1473,1780,4.05371
1473,1638,12.7955
1473,1637,49.7717
1473,1596,35.947
1473,1529,14.5764
1473,2228,20.344
1473,2202,15.3161
1473,2124,1.21281
1473,2023,12.1251
1472,1867,14.9498
1472,1691,43.4758
1472,1525,68.8989
1472,2022,48.8035
2191,2550,50.1985
2191,2520,7.06965
2191,2514,3.40924
2191,2608,7.03634
2191,2583,5.97101
3617,3985,80.4614
3617,4104,0.273723
3617,3898,13.9786
3617,3861,9.04177
2189,2496,4.58493
2189,2495,7.10322
2189,2367,56.8055
2189,2325,10.1381
2189,2226,39.3299
4261,4544,2.39242
4261,4543,4.34031
4261,5308,29.1006
4261,4940,13.2779
4261,4812,6.27017
4261,4517,1.21919
4261,4738,5.93521
4261,4277,25.1641
4261,4570,17.5836
4261,4638,15.1449
4261,4354,25.1582
4095,4331,44.1326
4095,4813,23.9969
4095,4488,0.233576
4095,4797,6.45944
4095,4465,0.270624
4258,4629,45.3351
4258,4306,15.9174
4258,4396,15.0048
4258,4856,3.66457
4258,4484,15.7013
4258,4683,10.4977
4258,4631,13.6056
4576,4828,3.35021
4576,4611,34.7328
1460,1910,1.66334
1460,1891,50.4425
1460,1753,2.33365
1460,1695,43.2195
1460,1621,0.199793
1460,1582,51.6116
1460,1564,1.35358
1460,2135,14.534
1459,1927,14.8586
1459,1867,63.4734
1459,1780,2.38918
1459,1693,14.1314
1459,1525,28.8413
1459,1472,28.6705
1459,2175,0.0935298
1459,2022,20.5567
1458,1766,57.7036
1458,1733,2.74272
1458,1670,27.7632
1458,1652,82.7572
1458,1529,8.58183
3260,3480,21.6734
3260,3465,0.740084
3260,3540,14.8085
4089,4794,0.961517
4089,4185,4.53953
4089,4326,2.18045
4089,4531,25.5351
4089,5245,9.40983
4089,5234,7.58474
4089,4484,8.23928
4089,4563,21.5795
4089,4365,12.6874
4089,4210,1.91157
4089,4457,6.44593
4493,5296,12.1355
4493,4534,8.60325
4493,4809,9.15283
4493,4585,6.66808
4493,4768,26.147
3258,3478,24.9263
3258,3480,8.8914
3258,3442,13.0263
3258,3393,12.631
3258,3682,30.9937
3258,3465,13.3701
4386,4590,40.3418
4386,4488,0.0330979
4386,4573,15.279
2767,3478,0.433318
2767,3036,2.61179
2767,2962,0.22263
2767,2940,11.1594
2767,2937,15.0463
2767,2936,4.43423
2767,3355,11.376
2767,2808,3.88192
2767,3147,27.9014
2175,2494,30.3452
2175,2470,24.8242
2175,2428,17.8283
2175,2869,82.6625
2175,2255,20.006
2175,2606,12.5379
2175,2602,14.0433
536,825,5.96422
536,764,11.1753
536,704,11.833
536,699,33.6108
536,1258,0.0395414
536,1244,19.1976
536,1237,3.92926
3605,3783,24.802
3605,3738,6.4716
3605,5285,27.2122
3605,5272,3.08224
3605,3957,0.91649
3605,5261,7.17965
3605,3678,12.4896
3605,3901,12.3659
3605,4225,17.4413
3605,4048,12.7381
3605,4465,10.5235
3605,4039,22.5498
3605,3812,19.092
532,825,17.0422
4492,4763,64.4626
4492,4629,0.10567
4492,4652,2.1912
4492,4585,1.25103
4492,4501,5.58555
4770,4797,5.01947
2763,3006,1.89036
2763,2983,7.63803
2763,3323,48.0816
2763,3163,13.413
530,1012,11.0106
530,1011,23.4937
530,825,6.04668
530,802,0.0698651
530,764,22.0407
530,631,5.52429
530,536,34.2735
530,1237,9.27836
528,1056,5.84703
528,1041,15.0169
528,898,39.2242
528,804,27.9979
528,802,2.59846
528,761,7.38172
528,698,26.5419
528,697,16.3881
1447,1795,14.0851
1447,1769,10.389
1447,1624,33.5142
1447,1585,13.5255
1447,1584,8.65333
2762,3473,2.68933
2762,3033,2.19556
2762,2959,9.68175
2762,2931,65.4754
2762,3371,45.7776
2762,2898,42.8689
2762,3617,24.8097
2762,3567,0.880337
2762,3190,42.646
1443,1824,3.79287
1443,1672,12.0855
1443,1655,52.8387
1443,1580,52.4772
1443,2229,14.5123
1443,2054,11.3591
1443,1998,19.9885
1443,1997,6.31923
1443,1954,12.2929
524,1012,25.5425
524,1011,3.85873
524,825,4.66361
524,631,45.124
524,532,4.40065
524,530,29.8723
1442,1881,12.6987
1442,1581,60.2112
1442,1502,48.8461
1442,2032,25.536
3603,3790,0.415803
3603,4152,0.0323024
3603,4121,52.9935
3603,3918,3.19291
3603,3860,6.35707
3250,3485,7.17645
3250,3459,21.4935
3250,3777,39.8135
3250,3760,10.5317
3250,3402,14.65
3250,3317,11.1765
3250,3917,0.0601767
3250,3582,20.0119
3250,3821,0.956741
3248,3428,8.01341
3248,3760,0.0817119
3248,5232,10.4223
3248,3583,1.95549
3248,3532,69.9514
2164,2556,6.23769
2164,2439,9.83689
2164,2438,26.259
2164,2430,41.2789
2164,2940,14.5414
2164,2374,10.3555
2164,2752,10.7919
517,1096,17.469
517,1037,31.7308
517,1036,33.6648
517,802,19.739
517,800,14.3042
517,688,3.01329
3601,3735,24.0245
3601,3733,5.08034
3601,3897,69.9719
2162,2294,7.59354
2162,2640,31.9427
2161,2446,24.0639
2161,2392,14.5315
2161,2341,20.1531
2161,2672,14.0092
2161,2660,0.464457
1431,1884,39.1799
1431,1825,3.27664
1431,1754,1.22103
1431,1726,2.4386
1431,1724,13.8481
1431,1697,13.9989
1431,1642,20.0608
1431,1623,10.7878
1431,2037,1.88093
1430,1895,12.9501
1430,1681,4.54809
1430,1624,15.7072
1430,1621,23.8694
1430,1588,23.4182
1430,1565,36.0479
1430,2075,0.0586115
1430,2039,26.9053
1430,2036,8.97809
512,1052,28.8264
512,966,20.5376
512,822,26.1383
512,799,2.16626
512,686,36.469
3626,3767,6.88491
3626,3741,36.2159
3626,4307,9.76463
3626,4111,19.2271
1428,1910,31.5918
1428,1891,3.7148
1428,1883,35.573
1428,1753,0.323589
1428,1695,5.08955
1428,1621,2.1069
1428,1533,58.936
1428,1460,60.369
1428,2135,14.2341
1428,1955,2.77277
4488,4545,5.67455
4488,4813,17.7713
4488,4573,9.7798
507,1146,0.0188609
507,1051,19.3684
507,1009,32.649
507,992,16.1013
507,823,7.2815
507,797,15.5786
507,690,13.5387
507,683,9.89589
507,623,14.4353
507,619,4.37468
507,1221,0.918136
1426,1940,24.531
1426,1733,23.2471
1426,1634,47.7033
1426,1653,12.0196
1426,1577,42.8436
1426,1984,3.8778
505,1110,15.8198
505,992,29.2709
505,934,16.6294
505,836,23.8431
505,690,13.6907
505,683,13.1487
505,622,35.4745
505,507,6.01407
4686,4727,4.54553
4573,4853,17.0617
4484,4514,7.44569
4484,5234,0.106757
4484,4856,19.3855
4484,4563,88.9463
4484,4631,9.86966
499,1144,28.7468
499,990,65.8364
499,896,12.1913
499,621,14.4405
499,1314,11.3907
2754,3083,9.01685
2754,3044,14.3583
2754,2996,19.7189
2754,2904,14.6521
2752,3068,2.93287
2752,2966,19.4288
2752,2962,19.1812
2752,2940,18.085
2752,3232,26.3319
2751,3068,12.615
2751,3463,15.9522
2751,2985,13.1195
2751,2966,12.5874
2751,2752,29.1688
2751,3232,12.8298
3877,4545,22.2426
3877,4813,0.995424
3877,4157,16.9446
3877,4095,6.81403
3877,4488,15.8832
3877,4237,11.9807
3877,4030,60.2258
493,1083,31.3268
493,932,9.07746
493,887,18.2903
493,854,14.6599
493,793,15.8371
493,745,11.1701
493,744,18.4727
493,679,20.4779
2748,3032,20.0901
2748,3430,14.5575
2748,2931,30.6227
2748,2831,39.6165
2748,3566,64.2797
2748,3190,8.19483
490,930,9.76673
490,915,0.0682629
490,872,19.4042
490,835,3.0507
490,610,11.8493
4247,4446,0.805205
4247,4307,3.48055
4247,4738,8.22952
4247,4277,0.0660192
4247,4773,0.231892
4247,4261,35.6587
4247,4570,3.8902
4247,4638,55.1198
4483,4532,10.7686
4483,4611,1.63728
3592,4203,14.4656
3592,3797,9.81055
3592,3783,18.0869
3592,4189,34.0391
3592,5289,7.9396
3592,4173,10.7945
3592,5285,8.09605
3592,5272,19.7446
3592,4157,7.14462
3592,4518,0.308336
3592,3679,40.7252
3592,4224,8.46756
3592,4030,9.96993
3591,3957,7.16034
3591,4413,11.6112
3591,4262,8.31007
3591,3901,11.7304
3591,3900,34.904
3591,4374,21.4952
3591,3847,10.7442
3591,4046,16.1554
3591,4636,0.0409503
3591,4039,13.2555
4244,5312,38.4343
4244,5308,5.5361
4244,4517,9.77096
4244,4736,22.0904
4244,4565,10.5545
3232,3478,1.64904
3232,3463,11.176
3232,3783,6.41942
3232,3455,3.50312
3232,3433,62.2372
3232,3355,4.35011
3232,3351,1.98278
3232,3679,7.24954
3232,3625,1.76179
1409,1827,19.482
1409,1826,20.8847
1409,1976,35.7357
3588,3971,16.0168
3588,3696,8.25155
3588,3601,20.7276
3588,4370,1.66112
3588,3847,7.54739
3588,4211,3.75424
3587,4185,10.5229
3587,3733,53.9097
3587,3967,15.1465
3587,3956,33.3329
3587,4306,4.56893
3587,4140,27.6209
3587,3897,6.05601
3587,4089,0.908192
3587,3601,12.6209
3587,3845,18.4865
3587,4365,17.3411
3228,3415,5.10668
3228,3591,2.23232
4768,4872,2.2008
4768,5296,9.95923
4768,4809,9.28338
4768,4830,7.13985
2136,2552,7.46013
2136,2393,2.99834
2136,2874,1.25003
2136,2202,16.1762
2136,2638,53.7724
2135,2551,23.9072
2135,2429,15.0436
2135,2898,1.66499
2135,2762,1.92172
2135,2733,38.9362
2135,2635,7.65912
2135,2606,24.5873
1402,1766,23.3823
1402,1691,68.1834
1402,1670,14.9791
1402,2224,15.375
1402,1458,21.0281
1402,2072,17.4516
2134,2514,49.69
2134,2369,5.46652
2134,2367,18.6226
2134,2191,14.4305
2134,2189,2.65103
2134,2583,0.803374
4727,4807,23.4706
2733,3473,14.6383
2733,2959,7.62032
2733,2933,64.3821
2733,3371,21.4588
2733,2898,12.4817
2733,3347,3.26349
2733,2860,17.111
2733,3666,0.0355991
2733,2762,23.6993
4570,4738,43.4587
3224,3449,15.2582
3224,3440,8.62694
3224,3696,15.5822
3224,3588,51.9716
3224,3536,4.86235
1394,1825,44.6318
1394,1826,4.05094
1394,1726,8.47131
1394,1697,12.6288
1394,1431,11.2404
1394,1409,24.2661
1394,1976,5.32468
4641,4853,2.65949
4641,4700,5.87643
4073,4544,12.5458
4073,4125,0.042197
4073,4736,0.969095
4073,4277,0.50231
4073,4244,10.2834
1392,1794,23.9067
1392,1733,10.5713
1392,1719,0.38268
1392,1616,9.18188
1392,1594,4.1111
1392,1577,5.37369
1392,1544,42.8337
1392,1426,7.84003
3222,3790,41.1926
3222,4001,5.90482
3222,3402,9.49087
3222,3344,16.912
3222,3603,21.4182
3222,3860,3.46081
3583,3760,0.063076
3583,3735,34.5374
3583,3733,64.5753
3583,5234,13.4153
3583,3896,14.6061
3583,4089,10.9108
3583,3859,9.76162
3583,4057,63.058
3583,4210,0.66207
2125,2552,42.7856
2125,2393,3.31505
2125,2933,0.0884163
2125,2860,7.019
2125,2136,21.561
2125,2135,18.8475
2125,2733,17.2169
2125,2606,5.6845
2124,2516,32.4371
2124,2428,5.12475
2124,2422,13.1484
2124,2382,11.3253
2124,2356,30.8026
2124,2872,53.4764
2124,2229,11.0227
2124,2228,27.7627
2124,2202,19.2438
2124,2724,0.159021
2124,2693,14.1018
2124,2633,16.1748
3582,3790,0.0976157
3582,4198,35.5424
3582,3777,55.4735
3582,3760,36.3482
3582,3715,6.35189
3582,3583,25.3638
3582,3859,6.91542
3582,4057,9.07145
1385,1928,33.2239
1385,1827,7.07042
1385,1825,0.925866
1385,1826,14.0194
1385,1588,5.94733
1385,1565,48.6028
1385,1430,5.8635
1385,1409,36.9655
1385,1394,12.6501
4767,4849,11.868
2724,3034,14.4201
2724,2993,12.554
2724,2899,18.6875
2724,2825,10.1407
2724,3228,12.9813
2724,3165,19.6027
2724,3145,1.77672
4071,4553,59.3467
4071,4318,2.30681
4071,4141,7.98365
4071,4686,13.8945
4071,4727,6.13476
4071,4371,0.154212
4071,4368,15.5799
4071,4633,4.5497
4071,4212,7.27844
4071,4210,16.0248
4070,4629,5.09412
4070,4170,28.4573
4070,4306,17.4633
4070,4585,42.2922
4070,4396,4.21058
4070,4258,11.8484
4070,4493,6.55138
4070,4370,3.30781
4070,4683,32.4405
4070,4461,3.50998
4070,4211,22.1096
4070,4631,3.76844
4237,4545,28.4008
4237,4488,6.09491
4237,4573,47.6339
4237,4466,16.414
4567,4763,2.38267
4567,4605,8.28893
4567,4809,2.44265
4567,4585,11.1357
4567,4635,5.02154
4567,4634,28.5821
2719,3459,8.04587
2719,2927,12.8812
2719,3098,17.06
4374,4875,15.3225
4374,4872,41.144
4374,4413,6.13005
4374,4580,3.65141
4374,4770,7.23156
4374,4566,27.4053
4374,4830,7.15879
4374,4636,26.2021
2113,2552,11.0625
2113,2551,10.4095
2113,2522,55.2059
2113,2933,0.41752
2113,2372,2.7671
2113,2135,12.5697
2113,2733,5.30352
2113,2125,21.8026
3864,4014,9.56076
3864,4446,9.23833
3864,4125,30.2072
3864,4277,35.4336
3864,4695,0.34516
3864,4261,14.5709
3864,4247,8.58538
3864,4064,8.16528
3864,4638,2.5208
3864,4041,3.42512
3864,4026,6.70535
1373,1928,2.97805
1373,1825,6.43825
1373,1744,64.6996
1373,1726,36.8033
1373,1565,16.5158
1373,1533,6.09165
1373,1394,32.8241
1373,1385,20.2689
4566,4872,37.2806
4566,4580,12.4372
4566,4768,14.2548
4566,4830,16.5373
1371,1695,0.395973
1371,1621,57.1712
1371,1565,10.2239
1371,1533,12.2207
1371,1460,13.2421
1371,1430,11.0408
1371,1428,9.19682
2111,2993,0.225155
2111,2446,18.1757
2111,2383,16.3951
2111,2356,26.6438
2111,2825,5.59595
2111,2229,8.09931
2111,2204,5.60612
2111,2724,13.5048
2111,2660,9.38921
2110,2369,47.1953
2110,2134,20.8743
1368,1794,10.328
1368,1733,59.6873
1368,1719,21.4454
1368,1652,17.2581
1368,1634,2.51302
1368,1458,26.8803
1368,1426,2.04366
1368,1392,35.5039
1368,2016,12.6055
1368,2014,2.22867
4565,5312,48.1417
4565,4652,0.10186
4565,4767,22.5092
3861,4329,37.6757
3861,3985,14.5824
3861,4172,0.0905946
3861,4170,3.0003
3861,3970,7.6007
3861,4287,33.7462
3861,4652,1.04135
3861,4501,0.335438
3861,3898,12.9429
3861,4492,18.5857
3568,4125,8.86595
3568,3652,12.7439
3568,3864,1.15174
3568,4026,7.38657
3567,3794,6.73423
3567,5312,41.2684
3567,4002,1.79054
3567,5308,5.00664
3567,3737,8.93867
3567,3619,25.8998
3566,3791,9.91271
3566,3898,70.8358
3860,4553,20.5937
3860,4200,66.4315
3860,3984,9.25065
3860,4318,10.9686
3860,4121,10.6918
3860,3918,19.5943
3860,4071,31.1933
3860,4210,3.78822
3564,4200,15.8111
3564,3790,6.15377
3564,4198,35.8429
3564,3777,3.35317
3564,4318,20.7374
3564,3896,5.05635
3564,3583,24.1298
3564,3582,34.6368
3564,3860,9.30662
3564,4057,8.94181
3564,4056,12.3329
3564,4210,7.56208
3564,4628,0.428908
2709,3733,5.04554
2709,2895,11.1055
2709,2849,8.74546
2709,3188,5.16942
2709,3153,60.2825
3200,3442,19.7322
3200,3767,15.1304
3200,3925,13.809
3200,3287,58.5239
3200,3465,17.6501
3200,3540,6.4219
3859,4057,1.84486
4371,4553,9.62624
4371,4614,36.6172
4371,4427,10.5726
4371,4633,27.2395
3198,3475,9.22927
3198,3751,8.45859
3198,3374,21.0359
3198,3636,14.5206
3198,3287,2.13709
3198,3551,23.1185
3198,3520,38.3645
3198,3518,15.4667
3198,3813,23.2046
3197,3475,10.8945
3197,3737,6.82749
3197,3373,13.3461
3197,3347,21.1742
3197,3325,4.72207
3197,3667,41.2769
3197,3636,14.4905
3197,3198,5.377
3197,3813,10.3853
3197,4029,1.36811
3195,3463,3.81516
3195,3455,11.3626
3195,3432,13.9277
3195,5272,10.0008
3195,5261,24.6952
3195,3605,59.171
3195,3492,3.24084
2699,3092,11.9003
2699,2996,29.933
2699,2905,6.56763
2699,3198,22.1066
2699,3168,8.9531
4064,4448,4.97836
4064,4446,55.1862
4064,4125,5.39629
4064,4248,34.2609
4064,4556,19.0537
4370,4534,8.4844
4370,4493,10.2915
4370,4683,12.0819
4370,4631,11.1744
2693,3034,31.2941
2693,3440,35.29
2693,2993,14.8533
2693,3696,12.8209
2693,5261,8.69953
2693,2895,3.71903
2693,2872,47.3466
2693,3224,15.6617
2693,2724,11.9702
2693,3165,5.20215
2090,2294,0.0790042
2090,2273,6.31943
2090,2162,49.3769
2090,2640,18.5841
2090,2584,25.8553
2089,2547,16.6791
2089,2495,20.438
2089,3007,0.398199
2089,2367,19.6315
2089,2318,14.4451
2089,2213,10.2137
2089,2201,37.2228
2089,2189,7.84541
2089,2655,32.0692
1348,1719,23.8501
1348,1594,53.7788
1348,1544,3.45993
1348,1392,6.26848
1348,1368,3.87028
3190,3794,0.968284
3190,5312,34.7505
3190,4002,0.648454
3190,3985,2.12312
3190,3371,10.0302
3190,3325,0.0603852
3190,4104,10.8927
3190,3898,11.638
3190,3617,13.3847
3190,3567,67.0889
3190,3566,20.3647
4062,4319,3.03411
4062,4427,50.7136
4062,4413,11.8183
3188,3449,11.9106
3188,3733,14.1686
3188,3956,35.0047
3188,3587,43.0512
3187,3402,1.36299
3187,3222,11.9119
4683,4763,0.144974
4683,4856,14.9261
4368,4534,9.41936
4368,4580,4.98109
4368,4686,53.9529
4368,4370,13.1476
4368,4633,3.75054
3851,4545,20.6486
3851,4158,29.4398
3851,4157,25.9322
3851,4505,12.544
3851,3877,25.6078
3851,4237,25.2098
3851,4047,8.9822
3183,3749,43.3331
3183,3982,22.5989
3183,3733,25.6573
3183,3956,35.9801
3183,3316,44.6497
3183,5232,23.7121
3183,3278,25.7617
3183,4258,0.0310923
3183,3587,5.14438
3183,3188,21.7805
3183,4058,16.5854
3183,3845,91.5373
4563,4794,20.0365
4563,5254,13.9561
4563,5245,2.48623
4563,4856,3.11994
2077,2439,17.5413
2077,2392,4.86725
2077,2348,10.6519
2077,2078,7.61106
4058,4170,2.03023
4058,4151,19.3337
4058,4306,0.358634
4058,4396,44.7941
4058,4258,46.1127
4058,4070,15.2174
2075,2522,20.126
2075,2416,33.952
2075,2403,17.1793
2075,2807,11.2914
2075,2206,5.18271
2075,2113,11.2576
2075,2609,0.112169
2075,2586,1.01458
2074,2551,41.8428
2074,2522,2.20337
2074,2403,63.6947
2074,2217,18.8802
2074,2206,2.49792
2074,2135,0.269214
2074,2113,21.7429
2074,2075,13.55
2074,2635,1.67043
4057,4198,15.4857
4057,4531,28.126
4057,4318,11.95
4057,4317,50.9713
4057,4807,3.28405
4057,5245,19.6037
4057,5234,0.488137
4057,4089,33.1256
4057,4210,12.1197
4057,4457,7.59226
2072,2482,20.3386
2072,2235,19.3052
2072,2224,40.7624
4056,4627,17.3351
4056,4200,18.0922
4056,4198,60.3221
4056,4316,66.2029
4056,4611,6.7796
4056,4284,22.3042
4056,4628,8.81568
2679,3092,22.6335
2679,3010,4.20888
2679,2996,12.5342
2679,3287,6.45348
2679,3200,12.9851
2679,2699,10.8321
3847,4319,0.0228292
3847,3971,16.6133
3847,3957,9.77069
3847,4154,15.3474
3847,3900,18.502
3847,4566,0.0979222
3847,4046,30.3245
3847,4212,7.79313
2078,2556,26.4212
2078,2523,3.65342
2078,2439,12.4118
2078,2438,8.87414
2078,2372,7.22879
2078,2348,17.3052
2078,2164,40.8444
2078,2752,7.73374
1326,1766,18.9389
1326,1733,18.8162
1326,1652,38.3873
1326,1634,27.0903
1326,1596,5.53947
1326,1530,13.0031
1326,1529,15.619
1326,1458,38.0436
1326,1368,17.5726
1326,1967,29.0605
1326,1952,42.2601
2674,3083,19.3197
2674,3044,14.9334
2674,2996,18.2036
2674,2841,29.1042
2674,2754,14.0362
2674,3198,9.88035
2674,2699,30.3085
2674,3518,0.508602
2066,2552,1.7469
2066,2428,16.3135
2066,2874,9.71991
2066,2869,0.201242
2066,2860,22.2685
2066,2202,24.955
2066,2175,9.87468
2066,2136,32.553
2066,2135,18.5992
2066,2125,33.8702
2066,2633,19.7616
2066,2606,38.4354
2065,2517,102.83
2065,2429,17.3688
2065,2255,6.33681
2065,2239,23.4207
2065,2748,20.3256
2672,3068,15.9165
2672,3043,6.7807
2672,2985,44.2356
2672,2751,5.87514
2672,3195,7.65214
3551,3751,9.98866
3551,4307,9.38477
3551,3699,3.83118
3551,4247,12.0651
3551,4049,4.29908
3551,4041,28.8807
3551,3813,7.0896
2062,2543,0.872249
2062,2317,30.3245
2062,2289,4.84983
2062,2288,45.8627
3547,3797,2.805
3547,5296,0.208278
3547,5289,53.9291
3547,4173,0.0394783
3547,3971,1.23315
3547,5272,34.3482
3547,3696,34.4816
3547,5261,7.49076
3547,3828,28.4047
3547,4023,18.4348
2669,3016,40.0391
2669,2978,2.86032
2669,2927,0.573624
2669,3222,0.0301764
2669,3187,4.92308
2669,3099,31.8861
1314,1867,4.28325
1314,1693,64.208
1314,1691,9.61348
1314,1529,8.88864
1314,1472,30.3459
1314,1459,83.0743
3170,3478,17.8959
3170,3442,78.6475
3170,4158,8.87054
3170,3667,16.5434
3170,3636,18.8377
3170,3258,5.53199
3170,3197,6.04189
3170,3851,20.2429
3845,4185,83.4161
3845,4326,2.47273
3845,3982,20.7897
3845,3956,14.2537
3845,4306,11.2582
3845,5234,14.4491
3845,5232,12.822
3845,4258,31.9231
3845,4058,2.84467
3168,3442,1.56305
3168,3636,23.0056
3168,3198,56.8747
3168,3197,20.5974
3168,3170,7.56148
4365,4794,40.1164
4365,4856,16.8218
4365,4484,7.57144
4365,4370,12.0726
4365,4563,8.99244
4365,4631,14.4044
4365,4457,1.23872
2054,2520,29.7064
2054,2383,19.8646
2054,2229,28.178
2054,2724,13.4671
2054,2111,37.8576
2054,2608,0.0757381
3165,3476,9.63061
3165,3440,27.8522
3165,3432,28.7595
3165,3415,2.4854
3165,3957,6.8877
3165,5261,7.78853
3165,3678,16.101
3165,3591,28.6833
3165,3228,10.6414
2660,3043,45.6652
2660,3432,0.450636
2660,2993,19.9375
2660,2825,19.7762
2660,3195,9.06827
2660,2672,7.30635
2660,3165,0.430763
2659,3068,19.4829
2659,3455,21.4879
2659,2962,10.861
2659,5272,18.1995
2659,2874,27.2469
2659,3592,0.332386
2659,3195,8.65944
4638,4812,57.492
4638,4738,7.28229
4638,4695,26.2359
4638,4773,2.1285
2050,2547,19.8475
2050,2514,11.8936
2050,2369,4.82828
2050,2367,10.5689
2050,2213,32.1307
2050,2134,5.35376
2050,2110,10.3739
2050,2089,22.2096
2050,2604,10.9173
4225,5285,36.01
4225,4605,1.58004
4225,4412,3.57564
4225,4691,43.5145
4225,4465,6.26798
3163,3472,13.4396
3163,3697,16.97
3163,3323,21.3923
3163,3322,0.0839592
3163,3321,8.65731
3161,4200,0.206169
3161,3790,23.0407
3161,3402,4.77223
3161,3735,12.3097
3161,3344,10.7312
3161,3317,10.7642
3161,3222,31.0118
3161,3582,6.00654
3161,3860,26.132
3161,3564,22.5488
3161,3504,50.9995
1300,1916,7.97926
1300,1840,13.7807
1300,1622,13.7241
1300,1609,20.638
1300,1600,3.56362
1300,1585,15.5351
1300,1584,10.8739
2655,3031,41.9921
2655,3007,6.92454
2655,2858,26.7072
2655,2830,9.52016
2655,3161,11.5654
1298,1870,16.5509
1298,1869,10.5665
1298,1637,44.8061
1298,1598,8.58319
1298,1580,24.0267
1298,2124,1.12738
4224,4605,6.9978
4224,4518,30.2652
4224,4505,6.55067
4224,4635,43.9269
4224,4353,3.68049
4051,4331,11.7594
4051,4386,29.6744
4051,4488,22.7368
3540,4007,24.9555
3540,3767,13.3232
3540,3682,7.38856
3540,3925,10.4329
3540,4265,14.028
4049,4158,11.0126
4049,4307,15.3412
4049,4738,16.5021
4049,4111,17.4749
4049,4773,23.0166
4049,4247,18.7765
4049,4570,10.968
4049,4638,0.318611
4049,4466,30.3626
4049,4355,16.1071
4048,4189,5.41893
4048,4813,0.38055
4048,4095,29.2288
4048,4225,16.1518
4048,4797,0.066474
4048,4465,31.1834
3537,3791,24.6995
3537,3749,0.200575
3537,3953,0.214405
3537,3898,12.9229
3537,3617,11.6102
3537,3861,62.6624
3537,3566,12.7089
3537,3824,45.2835
1291,1881,30.5439
1291,1744,18.354
1291,1724,40.008
1291,1599,8.5388
1291,1581,28.2267
1291,1442,5.30408
1291,1373,1.34047
1291,2033,0.447405
1290,1881,48.5907
1290,1744,20.2244
1290,1533,21.5771
1290,1442,27.606
1290,1373,3.59817
1290,1291,78.1547
1290,1955,0.432521
1289,1753,9.61605
1289,1564,14.0449
1289,1525,66.3936
1289,1502,87.6976
1289,2065,48.8161
3153,3735,31.1314
3153,3733,11.7012
3153,3601,57.3929
3153,3588,6.82647
3153,3587,17.0807
3153,3224,17.7645
3153,3188,4.18688
3153,3536,9.16938
2039,2522,8.91795
2039,2438,7.84368
2039,2416,8.63098
2039,2372,32.2972
2039,2230,31.3289
2039,2113,3.13835
2039,2075,36.4475
2039,2586,36.2238
2037,3044,27.9065
2037,2296,6.74427
2037,2294,30.3909
2037,2292,19.0462
2037,2273,49.2962
2037,2841,33.2222
2037,2243,12.7984
2037,2193,1.34578
2037,2090,3.98572
2037,2674,5.5411
2037,2640,8.31683
2037,2584,9.54484
2036,2552,6.36339
2036,2393,16.7673
2036,2372,35.457
2036,2125,9.51598
2036,2113,35.6311
2036,2039,17.0371
2035,2446,12.4433
2035,2383,19.1673
2035,2161,41.5442
2035,2111,19.3432
2035,2660,3.37521
2033,2292,44.7654
2033,2273,20.7338
2033,2217,33.0624
2033,2192,40.5608
2033,2637,8.3785
2033,2584,2.93241
2032,2517,41.814
2032,3033,23.665
2032,2217,6.82277
2032,2192,78.3391
2032,2065,19.8448
2032,2033,1.39268
2032,2635,2.76708
3536,3956,2.31022
3536,4140,48.8355
3536,3897,3.40476
3536,3601,17.0316
3536,3588,26.7116
3536,3587,32.3513
3536,4370,0.0528156
3536,4211,11.9234
1277,1942,0.332034
1277,1870,18.4278
1277,1622,13.1113
1277,1609,27.8154
1277,1608,3.08937
1277,1598,22.1705
1277,1580,36.0883
1277,1298,44.1751
4047,4173,0.932042
4047,4172,8.47363
4047,4158,4.28432
4047,4157,8.60148
4047,4505,47.1151
4047,4224,19.7096
4047,4354,12.8769
4047,4353,27.4093
2640,3067,14.8622
2640,3044,30.1962
2640,2904,1.37498
2640,2902,24.1783
2640,2841,5.44256
2640,3116,1.68989
2640,3115,27.3466
1272,1618,14.159
1272,1595,13.1183
1272,1577,35.8457
1272,1544,6.58939
1272,1509,0.0511169
1272,1426,8.9438
1272,1392,6.03132
1275,1502,1.97248
1275,1289,10.7193
4046,4319,4.15441
4046,4154,19.3015
4046,4412,0.834582
4046,4374,23.8652
4046,4566,46.451
4046,4212,0.347697
3532,3760,59.0809
3532,5245,0.22488
3532,5234,29.2512
3532,5232,1.72476
3532,3583,35.5935
3532,3859,6.53944
3532,4057,0.0841652
2638,2962,20.6897
2638,2936,11.3829
2638,2874,31.2132
2638,2659,29.8044
2637,3066,34.461
2637,3033,5.69673
2637,3019,4.2269
2637,2982,37.8245
2637,2851,15.3366
1266,1486,0.352571
2023,2516,6.2297
2023,2515,47.3925
2023,2494,18.346
2023,2437,23.795
2023,2381,22.8004
2023,2253,24.8944
2023,2228,21.4143
2022,2544,75.0074
2022,2470,8.9581
2022,2465,1.2886
2022,2831,32.7267
2022,2239,64.043
2022,2602,5.82388
2635,3033,48.6376
2635,2982,16.2629
2635,3373,0.387064
2635,2898,62.6465
2635,3325,8.83776
2635,2851,26.9156
2635,2762,64.0045
2635,3567,2.85543
2635,3190,5.14746
2635,2637,1.52108
2031,2545,22.9591
2031,2318,37.4277
2031,2304,13.3798
2031,2824,4.17776
2031,2235,13.3109
2031,2212,8.97413
3147,3478,18.7666
3147,3433,0.817952
3147,3393,5.22877
3147,3355,27.018
3147,3625,2.38587
3147,3258,24.6378
3147,3170,18.7089
2016,2400,5.65033
2016,2235,12.6853
2016,2212,3.02791
1258,1756,26.3665
1258,1644,8.67661
1258,1588,11.1534
2014,2543,49.2216
2014,2400,28.8904
2014,2926,0.218724
2014,2318,13.6519
2014,2317,23.1815
2014,2289,25.5679
2014,2830,26.7032
2014,2824,18.0997
2014,2235,36.021
2014,2212,22.7995
2014,2062,20.2869
2014,2031,15.9011
2014,2016,47.2068
1254,1869,4.45049
1254,1638,22.5028
1254,1637,8.52849
1254,1607,10.308
1254,1598,30.8761
1254,1473,16.137
1254,1298,25.8797
1254,1277,11.8978
1253,1927,1.62224
1253,1910,2.25146
1253,1891,27.2891
1253,1867,24.903
1253,2470,36.626
1253,1780,9.68529
1253,1564,92.9423
1253,2255,40.8428
1253,2239,16.3319
1253,1525,38.5442
1253,1460,11.2467
1253,1459,138.328
1253,2175,32.2156
1253,2022,10.6524
1252,1753,2.59449
1252,1564,39.5308
1252,1525,37.5601
1252,1459,34.7921
1252,1314,6.68116
1252,1289,17.4395
1252,1253,62.1813
1255,1824,21.0541
1255,1655,13.352
1255,1608,13.919
1255,1580,21.6423
1255,1443,15.7578
1255,1277,2.29387
2633,2993,1.38142
2633,3391,0.042106
2633,5272,40.0202
2633,3696,29.777
2633,5261,19.1191
2633,2874,20.0445
2633,2872,7.37296
2633,2860,21.5018
2633,2659,10.4203
2633,3144,23.2002
1244,1841,0.471775
1244,1588,15.9754
1244,1430,3.48259
1244,1258,38.5735
1243,1672,17.8906
1243,1637,16.4977
1243,1580,21.77
1243,1530,11.096
1243,1443,19.0503
1243,1298,25.5137
1243,1954,26.5312
1242,1927,29.2687
1242,1847,15.2399
1242,1780,13.2954
1242,1693,16.8635
1242,1529,27.916
1242,1459,43.023
1242,1314,25.3628
2631,3063,18.9024
2631,3733,61.8552
2631,2849,48.2883
2631,2848,7.96955
2631,5232,0.218804
2631,2709,6.86084
2631,3188,16.065
2631,3183,40.8609
2630,3063,13.2216
2630,2923,24.0825
2630,3316,24.032
2630,2831,1.78778
2630,3278,32.1371
2630,3183,88.4427
2630,2631,0.371208
2629,3016,14.9211
2629,2927,17.5633
2629,2669,4.42121
3146,3476,8.14802
3146,3432,22.2566
3146,3901,14.3588
3146,3165,0.365693
3146,3492,17.6023
1237,1895,15.3458
1237,1841,2.58568
1237,1624,16.0704
1237,1588,5.95623
1237,1447,8.12246
1237,1430,21.5683
1237,1244,53.7439
1235,1623,64.6974
1235,1431,3.76306
1234,1724,14.7751
1234,1623,36.6474
1234,1599,31.8431
1234,1581,18.5029
1234,1291,5.1073
1234,1235,44.9931
3144,3449,3.45199
3144,3391,9.62134
3144,5272,31.6407
3144,3696,22.5082
3144,3346,21.0896
3144,3547,20.6604
3144,3828,0.411475
3144,3489,18.4395
1232,1879,17.7565
1232,1616,4.71437
1232,1594,29.905
1232,1544,1.42541
1232,1486,8.63478
1232,1348,31.2394
1232,1266,62.5344
3145,3476,3.89947
3145,3415,15.5798
3145,3326,12.1202
3145,3591,9.47014
3145,3228,18.3365
3145,3165,0.29473
3569,3652,5.51802
3569,3864,2.89235
4830,4872,5.56016
3832,3921,20.9799
3832,4248,9.86054
3832,4064,5.9839
4636,4875,31.0892
4636,4770,0.681449
4635,4849,0.244154
4635,4655,6.86439
4466,4545,6.01609
4466,4853,38.953
4466,4505,7.62095
4466,4738,24.224
4466,4773,3.41949
4466,4573,16.709
4466,4570,20.8065
3828,4203,5.82443
3828,5289,8.25301
3828,4173,10.6253
3828,4170,17.0911
3828,3970,39.0742
3828,4070,4.75971
3828,4461,43.3678
3828,4023,10.3971
1224,1827,31.0577
1224,1756,10.7158
1224,1644,9.99503
1224,1588,8.48007
1224,1409,14.9586
1224,1258,23.3864
4041,4446,46.2884
4041,4307,12.7698
4041,4812,5.66212
4041,4247,20.6324
4041,4064,14.0617
4041,4638,12.8537
1222,1725,23.167
1222,1607,29.6865
1222,1600,10.0038
1222,1598,9.33861
1222,1582,32.263
1222,1460,20.2669
1222,1254,12.997
1221,1679,24.1559
1221,1678,15.1717
1221,1639,22.6106
1221,1578,38.2782
1221,1509,17.1372
1221,2110,2.72221
1220,1891,8.90064
1220,1780,73.6081
1220,1638,7.88556
1220,1607,3.82207
1220,1582,19.2781
1220,1460,35.2754
1220,1459,21.6866
1220,2066,0.547708
1220,1253,42.7595
1220,1242,22.3351
1220,1222,9.45225
1998,2520,10.3846
1998,2496,25.1761
1998,2382,12.1791
1998,2367,1.8477
1998,2229,20.3166
1998,2226,9.06338
1998,2191,47.03
1998,2189,7.35701
1998,2134,7.63483
1998,2054,12.7836
1998,2608,21.8891
1998,2583,13.0052
4465,4770,4.56679
4465,4797,33.4376
3824,4329,1.70352
3824,4170,14.5442
3824,3953,13.601
3824,4501,14.2812
3824,4396,20.5765
3824,4492,32.5502
3824,3861,54.4433
3824,4058,15.0496
3520,4307,13.3544
3520,4111,13.8131
3520,3636,10.1046
3520,3626,25.8913
3520,3551,23.7545
3520,4049,25.8114
3520,3813,2.8131
2609,3019,16.866
2609,2984,36.7367
2609,3374,0.342332
2609,2905,6.21366
2609,2851,3.1853
2609,2841,10.6059
2609,2807,11.4443
2609,3198,12.3337
2609,2699,13.4665
2609,2674,5.60049
2609,3168,21.9283
2608,3065,6.63699
2608,3034,10.5976
2608,2983,45.3258
2608,3415,9.58429
2608,2899,2.31214
2608,3345,2.53543
2608,3228,0.183178
2608,2724,16.6215
2608,3145,7.87827
4039,5285,7.5226
4039,4412,17.4761
4039,4691,5.50859
4039,4263,2.93815
4039,4262,12.0768
4039,4770,21.2382
4039,4374,34.4609
4039,4566,11.2917
4039,4225,17.272
4039,4046,22.2271
4039,4830,16.3596
4039,4465,8.36872
1211,1681,10.318
1211,1624,4.03629
1211,1600,5.40367
1211,1584,22.1764
1211,1447,30.1096
3518,4446,9.0677
3518,3741,18.1416
3518,4307,10.6071
3518,3699,7.13191
3518,3669,7.64088
3518,3626,7.17096
3518,4064,9.8066
3518,3551,30.2203
3518,4041,20.7053
3518,3520,17.5821
2606,2959,30.9713
2606,2869,22.899
2606,2860,52.3824
2606,2762,11.5355
2606,2733,30.3106
2604,3006,17.0983
2604,3344,6.24997
2604,3322,4.53395
2604,3321,4.23452
2604,3603,9.08326
2604,3222,17.1671
2604,3187,27.2985
2604,2669,9.17484
2604,3099,1.17272
3517,3797,5.41919
3517,4173,1.21235
3517,4157,37.1377
3517,3679,21.9688
3517,3667,2.56082
3517,3877,0.624433
3517,3851,27.4496
3517,4224,0.863227
3517,4047,18.9532
2602,3032,25.1532
2602,2869,17.1794
2602,2831,28.4247
2602,3278,61.2115
2602,2630,52.1945
2601,3016,0.0296865
2601,2978,32.318
2601,2927,45.2913
2601,2828,14.3553
2601,2669,12.1186
2601,2629,5.8626
1984,2545,17.1289
1984,2495,9.22766
1984,2325,24.11
1984,2318,6.11883
1984,2304,13.9983
1984,2858,0.0634198
1984,2226,16.8991
1984,2189,0.949199
1984,2089,0.609801
1984,2655,3.86908
1984,2031,16.8925
4634,4849,14.8641
4634,4652,10.4613
4634,4767,0.681995
4634,4635,15.25
4355,4853,16.9681
4355,4700,29.6202
4355,4776,8.93682
4355,4773,25.3627
4355,4641,16.6109
4355,4466,0.143252
3821,4316,53.2112
3821,4304,19.8156
3821,3917,14.4164
3821,4483,25.5559
3821,4056,11.978
3821,4036,10.9714
1196,1622,3.41339
1196,1609,40.3493
1196,1600,21.0367
1196,1598,27.2094
1196,1300,37.9209
1196,1277,29.6506
1196,1254,5.25393
1196,1222,1.96548
4354,4543,57.7308
4354,4505,4.57908
4354,4570,4.92677
4036,4532,21.5527
4036,4316,2.8416
4036,4611,6.96581
4036,4483,18.6133
4353,4543,10.3566
4353,4849,40.0802
4353,4505,9.83589
4353,4635,6.27155
4353,4634,8.70365
4353,4354,5.26406
4633,4875,7.23993
4633,4686,9.44255
1976,2296,9.64122
1997,2356,6.82447
1997,2229,44.0056
1997,2124,20.6795
1997,2111,15.8485
1997,2054,2.78784
4461,5296,16.7119
4461,5289,3.10168
4461,4605,13.5831
4461,4809,37.2989
4461,4655,14.2485
4461,4585,13.0794
4461,4493,12.9346
4461,4768,1.28103
4461,4567,22.4142
4556,4695,26.532
3505,3749,15.611
3505,4170,28.844
3505,3956,24.7294
3505,4070,43.6593
3505,4058,12.6474
3505,3828,7.78276
3505,3824,14.5194
1188,1769,9.97975
1188,1585,1.48767
1188,1447,24.5749
1188,1237,5.29508
3504,3735,55.7174
3504,3918,5.46889
3504,3897,19.0912
3504,3896,25.5929
3504,3601,7.10208
3504,3583,12.0509
3504,4071,14.7432
3504,3860,34.377
3504,3564,19.0829
3504,4210,8.38519
3116,3475,14.595
3116,3751,2.37694
3116,3374,0.132549
3116,3699,22.8426
3116,3352,28.6956
3116,3652,17.3709
3116,3864,8.60375
3116,3569,6.59511
3115,3392,22.0597
3115,3699,3.28669
3115,3681,6.14311
3115,3332,2.98
3115,3669,9.37658
3115,3116,2.67139
4212,4534,6.19834
4212,4319,11.0976
4212,4580,15.8912
4212,4566,3.60003
4212,4368,54.9519
4212,4633,3.49986
4030,4909,5.64304
4030,4545,10.9267
4030,4331,0.310925
4030,4189,41.0381
4030,4813,54.491
4030,4157,15.8585
4030,4518,27.6622
4030,4095,29.4499
4030,4488,2.07934
4030,4048,12.3684
1967,2304,11.9135
1967,2031,19.2522
1967,1984,38.875
1966,2318,12.909
1966,2289,27.2784
1966,2238,28.0341
1966,2213,2.31334
1966,2201,19.9817
1966,2089,11.8195
3813,4014,4.07572
3813,4261,2.27279
3813,4247,20.956
3813,4049,18.4141
3813,4029,20.6431
2586,2937,12.7162
2586,2905,14.1162
2586,2808,34.4051
2586,2807,15.0353
2586,2767,22.2881
2586,3170,14.5456
2586,3147,0.899421
3812,4189,8.87529
3812,4095,12.2288
3812,4225,9.74418
3812,4048,62.9544
3812,4030,10.909
2584,3067,26.6734
2584,3066,24.7491
2584,3019,4.50522
2584,2841,9.05999
2584,2640,36.031
2584,2637,16.1058
2584,3116,5.16751
1175,1409,17.9493
1175,1224,37.5877
2583,3065,11.4411
2583,3472,6.69579
2583,3007,14.6264
2583,3006,13.9096
2583,3004,3.10297
2583,2983,27.2724
2583,3345,16.9804
2583,3323,9.545
2583,2763,18.0385
2583,2608,19.5885
2583,3490,13.8108
4029,4158,24.3567
4029,4505,7.00958
4029,4261,19.0663
4029,4247,7.9796
4029,4570,31.9976
4029,4049,3.12538
4029,4047,15.1167
4029,4354,32.5941
1171,1838,0.77371
1171,1618,0.33335
1171,1595,61.4348
1171,1544,2.86695
1171,1509,14.2964
1171,1486,8.06832
1171,1272,21.9714
1958,2556,10.2322
1958,2523,6.63448
1958,2393,14.6578
1958,2372,2.78823
1958,2348,6.52587
1958,2078,41.361
1958,2036,3.17283
1958,2638,12.0402
4211,4534,0.145145
4211,4306,10.9657
4211,4493,19.9606
4211,4370,45.1883
1169,1907,23.1739
1169,1719,6.74337
1169,1652,9.70551
1169,1458,9.63096
1169,1368,9.42814
4210,4318,47.0724
4210,4727,1.95025
4210,4457,7.13957
1955,2551,4.59867
1955,2517,13.4531
1955,2429,42.5317
1955,2217,30.4453
1955,2135,4.67037
1955,2074,21.3643
1955,2065,10.5476
1955,2032,1.07611
1955,2635,94.3082
1954,2422,22.3891
1954,2382,20.2066
1954,2325,8.11353
1954,2229,5.96028
1954,2228,21.2346
1954,2226,19.5189
1954,2124,33.2338
1954,1998,4.50209
1954,1997,16.1746
4026,4544,5.41193
4026,5312,3.19623
4026,5308,22.8104
4026,4125,0.908216
4026,4736,0.164177
4026,4277,16.4513
4026,4261,0.148548
4026,4244,20.4877
4026,4073,45.1862
1952,2437,16.9493
1952,2381,16.728
1952,2304,61.6116
1952,2235,13.1296
1952,2228,12.5884
1952,2023,16.2787
1952,2031,1.16368
1952,1967,23.9838
4631,4856,41.9004
4631,4683,21.5244
1160,1641,6.50458
1160,1622,24.7207
1160,1300,16.3358
1160,1277,13.3866
1160,1196,27.9923
971,1132,11.8472
971,1258,6.01037
971,1224,16.174
971,1175,19.0587
4457,4794,5.401
4457,4531,6.09296
4457,4807,27.4875
4457,4727,8.70902
3099,3790,0.0689901
3099,3402,49.1824
3099,3317,4.49613
3099,3250,3.63351
3099,3222,22.1436
3099,3187,3.29228
3099,3161,12.5924
3098,3485,33.7039
3098,3459,15.2709
3098,3760,6.43739
3098,3250,13.3458
3492,3738,41.6285
3492,3653,1.23475
3492,3901,13.6755
3492,3605,20.9846
3492,4048,0.32876
3492,3812,10.262
4023,5296,14.9481
4023,5289,1.26213
4023,4154,3.05809
4023,4585,0.0402172
4023,4493,43.2264
4023,4070,13.2338
4023,4461,14.9861
4023,4211,6.55571
3490,4013,46.6338
3490,3697,14.1826
3490,3918,0.829604
3490,3900,15.8313
3490,4062,0.0574098
3489,4070,0.332614
3489,3547,15.9439
3489,3828,52.6136
3489,3505,18.8791
3489,4023,5.61496
4628,4680,13.0272